EST_STORECAP_MIN,EST_STORECAP_MEAN,EST_STORECAP_MAX,CAP_EST_METHOD,STORE_CAP_MIN,STORE_CAP_MEAN,STORE_CAP_MAX,CAP_CAL_METHOD,TOTAL_STORE_CAP,STORE_CAP_HCDAUGHTER,EST_CAP_ENT_PRESS,OBJECTID,FORMATION_ID,STORAGE_UNIT_ID,STORAGE_UNIT_NAME,ASSESS_UNIT_TYPE,PERIOD_MIN,COUNTRY
0.0,95.64,0.0,Pore vol and storage eff coefficient,0.0,0.0,0.0,,0.0,0.0,0.0,99,ES_F_20121023122851984,ES_S_20121023130102317,Monegrillo,Saline Aquifer without hydrocarbon fields,,Spain
0.0,31.05,0.0,Pore vol and storage eff coefficient,0.0,0.0,0.0,,0.0,0.0,0.0,100,ES_F_20121023122851984,ES_S_20121023130520764,Lopin,Saline Aquifer without hydrocarbon fields,,Spain
0.0,198.45,0.0,Pore vol and storage eff coefficient,0.0,0.0,0.0,,0.0,0.0,0.0,101,ES_F_20121023132147228,ES_S_20121023133041819,Villameriel,Saline Aquifer without hydrocarbon fields,Cretaceous,Spain
0.0,139.97,0.0,Pore vol and storage eff coefficient,0.0,0.0,0.0,,0.0,0.0,0.0,102,ES_F_20121023132147228,ES_S_20121023133712929,Boñar,Saline Aquifer without hydrocarbon fields,Cretaceous,Spain
0.0,74.51999999999998,0.0,Pore vol and storage eff coefficient,0.0,0.0,0.0,,0.0,0.0,0.0,103,ES_F_20121023132147228,ES_S_20121023134059006,San Pedro,Saline Aquifer without hydrocarbon fields,Cretaceous,Spain
0.0,23.15,0.0,Pore vol and storage eff coefficient,0.0,0.0,0.0,,0.0,0.0,0.0,104,ES_F_20121023132147228,ES_S_20121023134516531,Montes Obanares,Saline Aquifer without hydrocarbon fields,Cretaceous,Spain
0.0,358.2,0.0,Pore vol and storage eff coefficient,0.0,0.0,0.0,,0.0,0.0,0.0,105,ES_F_20121023132147228,ES_S_20121023134837107,Iglesias,Saline Aquifer without hydrocarbon fields,Cretaceous,Spain
0.0,20.45,0.0,Pore vol and storage eff coefficient,0.0,0.0,0.0,,0.0,0.0,0.0,106,ES_F_20121023160316601,ES_S_20121023161630331,Baides 1A,Saline Aquifer without hydrocarbon fields,Triassic,Spain
0.0,32.08,0.0,Pore vol and storage eff coefficient,0.0,0.0,0.0,,0.0,0.0,0.0,107,ES_F_20121023160316601,ES_S_20121023162128941,Baides 1B,Saline Aquifer without hydrocarbon fields,Triassic,Spain
0.0,123.96,0.0,Pore vol and storage eff coefficient,0.0,0.0,0.0,,0.0,0.0,0.0,108,ES_F_20121023160316601,ES_S_20121023163920992,Tielmes 1,Saline Aquifer without hydrocarbon fields,Triassic,Spain
0.0,90.4,0.0,Pore vol and storage eff coefficient,0.0,0.0,0.0,,0.0,0.0,0.0,109,ES_F_20121023160316601,ES_S_20121023164400867,El Hito A,Saline Aquifer without hydrocarbon fields,Triassic,Spain
0.0,61.28,0.0,Pore vol and storage eff coefficient,0.0,0.0,0.0,,0.0,0.0,0.0,110,ES_F_20121023160316601,ES_S_20121023170219174,El Hito B,Saline Aquifer without hydrocarbon fields,Triassic,Spain
0.0,397.74,0.0,Pore vol and storage eff coefficient,0.0,0.0,0.0,,0.0,0.0,0.0,111,ES_F_20121023160316601,ES_S_20121023170600195,Altomira,Saline Aquifer without hydrocarbon fields,Triassic,Spain
0.0,51.65,0.0,Pore vol and storage eff coefficient,0.0,0.0,0.0,,0.0,0.0,0.0,112,ES_F_20121023160316601,ES_S_20121023170952617,Tribaldos,Saline Aquifer without hydrocarbon fields,Triassic,Spain
0.0,34.78,0.0,Pore vol and storage eff coefficient,0.0,0.0,0.0,,0.0,0.0,0.0,113,ES_F_20121023160316601,ES_S_20121023171317549,Burgo de Osma,Saline Aquifer without hydrocarbon fields,Triassic,Spain
0.0,6.98,0.0,Pore vol and storage eff coefficient,0.0,0.0,0.0,,0.0,0.0,0.0,114,ES_F_20121023160316601,ES_S_20121023171755473,La Ventosa,Saline Aquifer without hydrocarbon fields,Triassic,Spain
0.0,41.77,0.0,Pore vol and storage eff coefficient,0.0,0.0,0.0,,0.0,0.0,0.0,115,ES_F_20121023160316601,ES_S_20121023172217233,Obon-Oliete A,Saline Aquifer without hydrocarbon fields,Triassic,Spain
0.0,24.9,0.0,Pore vol and storage eff coefficient,0.0,0.0,0.0,,0.0,0.0,0.0,116,ES_F_20121023160316601,ES_S_20121023172743677,Obon-Oliete B,Saline Aquifer without hydrocarbon fields,Triassic,Spain
0.0,4.12,0.0,Pore vol and storage eff coefficient,0.0,0.0,0.0,,0.0,0.0,0.0,117,ES_F_20121023160316601,ES_S_20121023173759891,Puerta Pareja,Saline Aquifer without hydrocarbon fields,Triassic,Spain
0.0,80.59,0.0,Pore vol and storage eff coefficient,0.0,0.0,0.0,,0.0,0.0,0.0,118,ES_F_20121023160316601,ES_S_20121023174234893,Almazan,Saline Aquifer without hydrocarbon fields,Triassic,Spain
0.0,338.69,0.0,Pore vol and storage eff coefficient,0.0,0.0,0.0,,0.0,0.0,0.0,119,ES_F_20121023211306533,ES_S_20121023211958315,Alto Guadalquivir,Saline Aquifer without hydrocarbon fields,Cretaceous,Spain
0.0,487.2,0.0,Pore vol and storage eff coefficient,0.0,0.0,0.0,,0.0,0.0,0.0,120,ES_F_20121023211306533,ES_S_20121023212240737,Sierra Seca,Saline Aquifer without hydrocarbon fields,Jurassic,Spain
0.0,191.1,0.0,Pore vol and storage eff coefficient,0.0,0.0,0.0,,0.0,0.0,0.0,121,ES_F_20121023211306533,ES_S_20121023213357627,Sierra de Benejama,Saline Aquifer without hydrocarbon fields,Jurassic,Spain
0.0,179.93,0.0,Pore vol and storage eff coefficient,0.0,0.0,0.0,,0.0,0.0,0.0,122,ES_F_20121023211306533,ES_S_20121023214841799,Sierra de Salinas,Saline Aquifer without hydrocarbon fields,Jurassic,Spain
0.0,0.35,0.0,Pore vol and storage eff coefficient,0.0,0.0,0.0,,0.0,0.0,0.0,123,ES_F_20121023211306533,ES_S_20121023220648502,Benejuzar-Rojales,Saline Aquifer without hydrocarbon fields,Cretaceous,Spain
0.0,6.22,0.0,Pore vol and storage eff coefficient,0.0,0.0,0.0,,0.0,0.0,0.0,124,ES_F_20121023211306533,ES_S_20121023221305894,Fuensanta,Saline Aquifer without hydrocarbon fields,Jurassic,Spain
0.0,225.12,0.0,Pore vol and storage eff coefficient,0.0,0.0,0.0,,0.0,0.0,0.0,125,ES_F_20121023211306533,ES_S_20121024095936134,Macaroba,Saline Aquifer without hydrocarbon fields,Jurassic,Spain
0.0,413.48,0.0,Pore vol and storage eff coefficient,0.0,0.0,0.0,,0.0,0.0,0.0,126,ES_F_20121023211306533,ES_S_20121024100418071,Murcia B-1,Saline Aquifer without hydrocarbon fields,Cretaceous,Spain
0.0,13600.0,0.0,Pore vol and storage eff coefficient,0.0,0.0,0.0,,0.0,0.0,0.0,127,FR_F_20121004174201733,FR_S_20121004180123479,Dogger carbonaté SU,Saline Aquifer with hydrocarbon fields,Jurassic,France
0.0,7835.399999999999,0.0,Pore vol and storage eff coefficient,0.0,0.0,0.0,,0.0,0.0,0.0,128,FR_F_20121004185401816,FR_S_20121010172717936,Rhétien-Keuper SU,Saline Aquifer with hydrocarbon fields,Triassic,France
0.0,7664.6,0.0,Pore vol and storage eff coefficient,0.0,0.0,0.0,,0.0,0.0,0.0,129,FR_F_20121004185411377,FR_S_20121011180444778,Bundsandstein SU,Saline Aquifer with hydrocarbon fields,Triassic,France
0.0,0.0,0.0,,0.0,0.0,0.0,,0.0,0.0,0.0,130,FR_F_20121004191904670,FR_S_20121031165944671,Aqutaine SU,,,France
0.0,0.0,0.0,,0.0,0.0,0.0,,0.0,0.0,0.0,131,FR_F_20121004192110490,FR_S_20121031170001402,Sud-Est SU,,,France
900.0,1000.0,1100.0,Pore vol and storage eff coefficient,2922.27264,5276.3256,9822.08304,Method 1,6317.556896,1041.231296,0.0,132,GR_F_20121028124324266,GR_S_20121028170316538,Prinos Sand,Saline Aquifer with hydrocarbon fields,Neogene,Greece
600.0,610.0,620.0,Pore vol and storage eff coefficient,431.72928,2698.308,11656.69056,Method 1,2698.308,0.0,0.0,133,GR_F_20121028173422377,GR_S_20121028174100717,Thessaloniki Basin,Saline Aquifer with hydrocarbon fields,Paleogene,Greece
360.0,360.0,360.0,Pore vol and storage eff coefficient,1528.7242950000002,1528.7242950000002,1528.7242950000002,Method 1,1528.7242950000002,0.0,0.0,134,GR_F_20121028174412573,GR_S_20121028174802637,Grevena,Saline Aquifer without hydrocarbon fields,Paleogene,Greece
0.0,2271.038,0.0,Pore vol and storage eff coefficient,0.0,2271.403295856,0.0,Method 1,2271.403295856,0.0,0.0,135,HR_F_20121003170834390,HR_S_20121012112535449,Drava,Saline Aquifer with hydrocarbon fields,Neogene,Croatia
0.0,180.46,0.0,Pore vol and storage eff coefficient,0.0,180.32627405099998,0.0,Method 1,180.32627405099998,0.0,0.0,136,HR_F_20121003170834390,HR_S_20121012152323250,Osijek,Saline Aquifer without hydrocarbon fields,Neogene,Croatia
0.0,321.745,0.0,Pore vol and storage eff coefficient,0.0,318.5270632673582,0.0,Method 1,318.5270632673582,0.0,0.0,137,HR_F_20121003170834390,HR_S_20121022160643340,Sava West,Saline Aquifer with hydrocarbon fields,Neogene,Croatia
0.0,691.78,0.0,Pore vol and storage eff coefficient,0.0,684.2328744605073,0.0,Method 1,684.2328744605073,0.0,0.0,138,HR_F_20121003170834390,HR_S_20121022171230891,Sava Central,Saline Aquifer with hydrocarbon fields,Neogene,Croatia
0.0,0.0,0.0,,0.0,0.0,0.0,,0.0,0.0,0.0,139,HR_F_20121003170834390,HR_S_20121025142038712,Sandrovac,Saline Aquifer with hydrocarbon fields,Neogene,Croatia
0.0,0.0,0.0,,0.0,0.0,0.0,,0.0,0.0,0.0,140,HR_F_20121025191808832,HR_S_20121025192213872,Benicanci,Saline Aquifer with hydrocarbon fields,,Croatia
0.0,0.0,0.0,,0.0,0.0,0.0,,0.0,0.0,0.0,141,HR_F_20121025191808832,HR_S_20121026091109933,Gola Duboka,Saline Aquifer with hydrocarbon fields,,Croatia
0.0,0.0,0.0,,0.0,0.0,0.0,,0.0,0.0,0.0,142,HR_F_20121026093834054,HR_S_20121026094809927,Kalinovac,Saline Aquifer with hydrocarbon fields,Neogene,Croatia
0.0,0.0,0.0,,0.0,0.0,0.0,,0.0,0.0,0.0,143,HR_F_20121026093834054,HR_S_20121026100041113,Molve,Saline Aquifer with hydrocarbon fields,,Croatia
0.0,0.0,0.0,,0.0,0.0,0.0,,0.0,0.0,0.0,144,HR_F_20121026093834054,HR_S_20121026101250442,Stari Gradac,Saline Aquifer with hydrocarbon fields,,Croatia
0.0,0.0,0.0,,0.0,0.0,0.0,,0.0,0.0,0.0,145,HR_F_20121026102548665,HR_S_20121026103102535,Ika,Saline Aquifer with hydrocarbon fields,,Croatia
0.0,0.0,0.0,,0.0,0.0,0.0,,0.0,0.0,0.0,146,HR_F_20121026120739259,HR_S_20121026121005869,Marica,Saline Aquifer with hydrocarbon fields,,Croatia
0.0,0.0,0.0,,0.0,0.0,0.0,,0.0,0.0,0.0,147,HR_F_20121026123711369,HR_S_20121026124005982,Klostar,Saline Aquifer with hydrocarbon fields,,Croatia
0.0,601.652,0.0,Pore vol and storage eff coefficient,0.0,601.6515944309912,0.0,Method 1,601.6515944309912,0.0,0.0,148,HR_F_20121113152945899,HR_S_20121113203817370,Dugi Otok,Saline Aquifer without hydrocarbon fields,Neogene,Croatia
0.0,0.0,0.0,,0.0,0.0,0.0,,0.0,0.0,0.0,149,HU_F_20120829111413002,HU_S_20120920160325923,Békési,Saline Aquifer without hydrocarbon fields,,Hungary
0.0,0.0,0.0,,0.0,0.0,0.0,,0.0,0.17876313,0.0,150,HU_F_20120829111413002,HU_S_20120920160354720,Bihar,Saline Aquifer with hydrocarbon fields,,Hungary
0.0,0.0,0.0,,0.0,0.0,0.0,,0.0,0.0,0.0,151,HU_F_20120829111413002,HU_S_20120920160449400,Nagykunsági,Saline Aquifer with hydrocarbon fields,,Hungary
0.0,0.0,0.0,,0.0,0.0,0.0,,0.0,0.0,0.0,152,HU_F_20120829111413002,HU_S_20120920160602705,Zala-délbalatoni,,,Hungary
0.0,0.0,0.0,,0.0,0.0,0.0,,0.0,0.0,0.0,153,HU_F_20120829111413002,HU_S_20120920160624685,Somogy-Drávavölgyi,Saline Aquifer with hydrocarbon fields,,Hungary
0.0,66.1,0.0,Pore vol and compressibility,0.0,43.334886416459135,0.0,Method 2,43.334886416459135,0.0,0.0,154,HU_F_20120829111413002,HU_S_20120920160711236,Északalföldi,Saline Aquifer without hydrocarbon fields,,Hungary
0.0,55.5,0.0,Pore vol and compressibility,0.0,29.313219677196,0.0,Method 2,29.313219677196,0.0,0.0,155,HU_F_20120829111413002,HU_S_20120926193744778,Szegedi,Saline Aquifer without hydrocarbon fields,,Hungary
0.0,52.9,0.0,Pore vol and compressibility,0.0,39.94298075367601,0.0,Method 2,39.94298075367601,0.0,0.0,156,HU_F_20120829111413002,HU_S_20120926194229541,Kiskunsági,Saline Aquifer without hydrocarbon fields,,Hungary
0.0,40.7,0.0,Pore vol and compressibility,0.0,24.80681567014492,0.0,Method 2,24.80681567014492,0.0,0.0,157,HU_F_20120829111413002,HU_S_20120926195129008,Hajdúsági,Saline Aquifer without hydrocarbon fields,,Hungary
0.0,2.06,0.0,Pore vol and compressibility,0.0,2.591411015958188,0.0,Method 2,2.591411015958188,0.0,0.0,158,HU_F_20120829111413002,HU_S_20120926205502711,Közép-dunai,Saline Aquifer without hydrocarbon fields,,Hungary
0.0,48.1,0.0,Pore vol and compressibility,0.0,36.12175148460879,0.0,Method 2,36.12175148460879,0.0,0.0,159,HU_F_20120829111413002,HU_S_20120926210834912,Nyugat-kisalföld,Saline Aquifer without hydrocarbon fields,,Hungary
0.0,45.4,0.0,Pore vol and compressibility,0.0,38.0395017290673,0.0,Method 2,38.0395017290673,0.0,0.0,160,HU_F_20120829111413002,HU_S_20120926214831482,Kelet-kisalföldi,,,Hungary
0.0,0.0,0.0,,0.0,0.0,0.0,,0.0,0.0,0.0,161,HU_F_20120926215830569,HU_S_20120926215938427,Békési_BC,,,Hungary
0.0,0.0,0.0,,0.0,0.0,0.0,,0.0,0.0,0.0,162,HU_F_20120926215830569,HU_S_20120926220132904,Nagykunsági_BC,Saline Aquifer with hydrocarbon fields,,Hungary
0.0,0.0,0.0,,0.0,0.0,0.0,,0.0,0.0,0.0,163,HU_F_20120926215830569,HU_S_20120926221840925,Szegedi_BC,Saline Aquifer with hydrocarbon fields,,Hungary
0.0,0.0,0.0,,0.0,0.0,0.0,,0.0,0.0,0.0,164,HU_F_20120926215830569,HU_S_20120926224210675,Kiskunsági_BC,Saline Aquifer with hydrocarbon fields,,Hungary
0.0,41.1,0.0,Pore vol and storage eff coefficient limited by trap vol,0.0,0.0,0.0,,0.0,0.0,0.0,165,IE_F_20121003142436271,IE_S_20121003144509959,KBB4,Saline Aquifer without hydrocarbon fields,Triassic,Ireland
0.0,11.8,0.0,Pore vol and storage eff coefficient limited by trap vol,0.0,0.0,0.0,,0.0,0.0,0.0,166,IE_F_20121003142436271,IE_S_20121003153423576,KBB6,Saline Aquifer without hydrocarbon fields,Triassic,Ireland
0.0,52.5,0.0,Pore vol and storage eff coefficient limited by trap vol,0.0,0.0,0.0,,0.0,0.0,0.0,167,IE_F_20121003142436271,IE_S_20121003154226204,KBB11,Saline Aquifer without hydrocarbon fields,Triassic,Ireland
0.0,34.5,0.0,Pore vol and storage eff coefficient limited by trap vol,0.0,0.0,0.0,,0.0,0.0,0.0,168,IE_F_20121003142436271,IE_S_20121003154637206,KBB14,Saline Aquifer without hydrocarbon fields,Triassic,Ireland
0.0,36.3,0.0,Pore vol and storage eff coefficient limited by trap vol,0.0,0.0,0.0,,0.0,0.0,0.0,169,IE_F_20121003142436271,IE_S_20121003155019522,KBB15,Saline Aquifer without hydrocarbon fields,Triassic,Ireland
0.0,57.2,0.0,Pore vol and storage eff coefficient limited by trap vol,0.0,0.0,0.0,,0.0,0.0,0.0,170,IE_F_20121003142436271,IE_S_20121003155342385,KBB18,Saline Aquifer without hydrocarbon fields,Triassic,Ireland
0.0,100.1,0.0,Pore vol and storage eff coefficient limited by trap vol,0.0,0.0,0.0,,0.0,0.0,0.0,171,IE_F_20121003163102322,IE_S_20121003164216922,CISB1,Saline Aquifer without hydrocarbon fields,Triassic,Ireland
0.0,166.4,0.0,Pore vol and storage eff coefficient limited by trap vol,0.0,0.0,0.0,,0.0,0.0,0.0,172,IE_F_20121003163102322,IE_S_20121003170255488,CISB3,Saline Aquifer without hydrocarbon fields,Triassic,Ireland
0.0,2050.6843260000005,0.0,Pore vol and storage eff coefficient,472.2,2050.6843260000005,4682.6500000000015,Method 1,2050.6843260000005,0.0,0.0,173,IE_F_20121004123559105,IE_S_20121004125629183,Greensand 'A' and 'B' Sands,Saline Aquifer with hydrocarbon fields,Cretaceous,Ireland
106.8,106.8,106.8,From detailed site characterisation study,105.98016,105.98016,105.98016,Method 1,105.98016,0.0,0.0,174,IT_F_20121001124148805,IT_S_20121001151504215,Casirate 1 - Lombardia 1 SU,Saline Aquifer without hydrocarbon fields,Neogene,Italy
9.9008,9.9008,9.9008,From detailed site characterisation study,9.9320256,9.9320256,9.9320256,Method 1,9.9320256,0.0,0.0,175,IT_F_20121003174905644,IT_S_20121003175745519,Pandino 1 - Lombardia 2 SU,Saline Aquifer without hydrocarbon fields,Neogene,Italy
824.9471999999998,824.9471999999998,824.9471999999998,From detailed site characterisation study,824.9472,824.9472,824.9472,Method 1,824.9472,0.0,0.0,176,IT_F_20121004153029368,IT_S_20121004153204821,Poggio Rusco 1 - Lombardia 3 SU,Saline Aquifer without hydrocarbon fields,Neogene,Italy
650.016,650.016,650.016,From detailed site characterisation study,649.96774159338,649.96774159338,649.96774159338,Method 1,649.96774159338,0.0,0.0,177,IT_F_20121004163430395,IT_S_20121004175734558,S.Pietro in Casale 3 - Emilia 1 SU,Saline Aquifer without hydrocarbon fields,Neogene,Italy
56.9772,56.9772,56.9772,From detailed site characterisation study,56.97203406719999,56.97203406719999,56.97203406719999,Method 1,56.97203406719999,0.0,0.0,178,IT_F_20121009153149008,IT_S_20121009153225384,Filetto1 - Emilia 2 SU,Saline Aquifer without hydrocarbon fields,Neogene,Italy
0.0,0.0,0.0,,0.0,0.0,0.0,,0.0,3.0,0.0,179,IT_F_20121009161532346,IT_S_20121009161621580,BAGNOLO MELLA SU,Saline Aquifer with hydrocarbon fields,,Italy
234.0,234.0,234.0,From detailed site characterisation study,234.0,234.0,234.0,Method 1,234.0,0.0,0.0,180,IT_F_20121010122552181,IT_S_20121010122618306,Serena Nord 1 - Emilia mare SU,Saline Aquifer without hydrocarbon fields,Neogene,Italy
561.6,561.6,561.6,From detailed site characterisation study,561.6,561.6,561.6,Method 1,561.6,0.0,0.0,181,IT_F_20121010135221305,IT_S_20121010135239899,Jesi 6 - Marche 1 SU,Saline Aquifer without hydrocarbon fields,,Italy
778.0499999999998,778.0499999999998,778.0499999999998,From detailed site characterisation study,778.099959,778.099959,778.099959,Method 1,778.099959,0.0,0.0,182,IT_F_20121010141900087,IT_S_20121010143318891,Notaresco 1 - Abruzzi 1 SU,Saline Aquifer without hydrocarbon fields,Neogene,Italy
766.35,766.35,766.35,From detailed site characterisation study,766.35,766.35,766.35,Method 1,766.35,0.0,0.0,183,IT_F_20121010145802588,IT_S_20121010151127297,Pomarico 7 - Basilicata 1 SU,Saline Aquifer without hydrocarbon fields,quaternary,Italy
0.0,13440.0,0.0,,0.0,0.0,0.0,,0.0,0.0,0.0,19,AT_F_20120925142717238,AT_S_20120925143231293,Atzbach-Schwanenstadt,,Paleogene,Austria
0.0,6100.0,0.0,,0.0,0.0,0.0,,0.0,0.0,0.0,20,AT_F_20120925143950381,AT_S_20120925144318678,Voitsdorf,Saline Aquifer with hydrocarbon fields,Paleogene,Austria
0.0,0.0,0.0,,0.0,0.0,0.0,,0.0,0.0,0.0,21,AT_F_20120925152752701,AT_S_20120925153056906,Hoeflein,Saline Aquifer with hydrocarbon fields,Jurassic,Austria
0.0,0.0,0.0,,0.0,0.0,0.0,,0.0,0.0,0.0,22,AT_F_20120924170441760,AT_S_20121003123956917,Schoenkirchen SU,Saline Aquifer with hydrocarbon fields,,Austria
0.0,34.188,0.0,From detailed site characterisation study,0.0,0.0,0.0,,0.0,0.0,0.0,23,AT_F_20121102160144734,AT_S_20121102161007912,Aderklaa,Saline Aquifer with hydrocarbon fields,Triassic,Austria
0.0,0.0,0.0,,0.0,0.0,0.0,,0.0,0.0,0.0,24,AT_F_20121102160144734,AT_S_20121102161339355,Reyersdorf Dolomit,Saline Aquifer with hydrocarbon fields,Triassic,Austria
18.0,33.0,170.0,"Geo-techno-economic simulation (Welkenhuysen et al., submitted)",0.0,34.490624999999994,0.0,Method 2,34.490624999999994,0.0,0.0,25,BE_F_20120921102921359,BE_S_20120924115330515,Neeroeteren SU,Saline Aquifer without hydrocarbon fields,Carboniferous,Belgium
3.0,8.0,71.0,"Geo-techno-economic simulation (Welkenhuysen et al., submitted)",0.0,8.983203125000003,0.0,Method 1,8.983203125000003,0.0,0.0,26,BE_F_20120924133657250,BE_S_20120924135322812,Houtem and Maastricht SU,Saline Aquifer without hydrocarbon fields,Paleogene,Belgium
12.0,31.0,189.0,"Geo-techno-economic simulation (Welkenhuysen et al., submitted)",0.0,18.693,0.0,Method 2,18.693,0.0,0.0,27,BE_F_20120921102046500,BE_S_20120926110441359,Buntsandstein SU,Saline Aquifer without hydrocarbon fields,Permian,Belgium
15.0,54.0,489.0,"Geo-techno-economic simulation (Welkenhuysen et al., submitted)",0.0,43.42634999999999,0.0,Method 1,43.42634999999999,0.0,0.0,28,BE_F_20120924135156406,BE_S_20121001133442968,Dinantian North SU,Saline Aquifer without hydrocarbon fields,Carboniferous,Belgium
7.0,17.0,413.0,"Geo-techno-economic simulation (Welkenhuysen et al., submitted",0.0,0.0,0.0,,0.0,0.0,0.0,29,BE_F_20121002151947640,BE_S_20121002153049984,Devonian North SU,Saline Aquifer without hydrocarbon fields,Devonian,Belgium
6.0,11.0,342.0,"Geo-techno-economic simulation (Welkenhuysen et al., submitted",0.0,0.0,0.0,,0.0,0.0,0.0,30,BE_F_20121002154410859,BE_S_20121002154822000,Devonina South SU,Saline Aquifer without hydrocarbon fields,Devonian,Belgium
25.0,88.0,740.0,"Geo-techno-economic simulation (Welkenhuysen et al., submitted)",0.0,121.5,0.0,Method 1,121.5,0.0,0.0,31,BE_F_20121002154511843,BE_S_20121002155754500,Hainaut Geothermal aquifer SU,Saline Aquifer without hydrocarbon fields,Carboniferous,Belgium
400.0,460.0,550.0,Pore vol and storage eff coefficient,0.0,0.0,0.0,,0.0,0.0,0.0,32,BG_F_20121113111934576,BG_S_20121113112210498,Pavlikeni zone,Saline Aquifer without hydrocarbon fields,Cretaceous,Bulgaria
1600.0,1800.0,2000.0,Pore vol and storage eff coefficient,0.0,0.0,0.0,,0.0,0.0,0.0,33,BG_F_20121113111934576,BG_S_20121113112241932,Pleven zone,Saline Aquifer with hydrocarbon fields,Cretaceous,Bulgaria
15.0,17.5,25.0,Pore vol and storage eff coefficient limited by trap vol,0.0,0.0,0.0,,0.0,0.0,0.0,34,BG_F_20121113110644440,BG_S_20121113123338718,Marash,Saline Aquifer without hydrocarbon fields,Devonian,Bulgaria
4.0,5.3,8.0,Pore vol and storage eff coefficient limited by trap vol,0.0,0.0,0.0,,0.0,0.0,0.0,35,BG_F_20121113111630527,BG_S_20121113131206356,Totleben,Saline Aquifer without hydrocarbon fields,Triassic,Bulgaria
18.0,21.6,25.0,Pore vol and storage eff coefficient,0.0,0.0,0.0,,0.0,0.0,0.0,36,BG_F_20121113111847261,BG_S_20121114112537077,Popovo zone,Saline Aquifer without hydrocarbon fields,Jurassic,Bulgaria
22.0,27.0,65.0,Pore vol and storage eff coefficient,0.0,0.0,0.0,,0.0,0.0,0.0,37,BG_F_20121113112917939,BG_S_20121114165046698,Yambol-south,Saline Aquifer without hydrocarbon fields,Cretaceous,Bulgaria
19.0,24.0,86.0,Pore vol and storage eff coefficient,0.0,0.0,0.0,,0.0,0.0,0.0,38,BG_F_20121113112917939,BG_S_20121114165153694,Cherkovo,Saline Aquifer without hydrocarbon fields,Cretaceous,Bulgaria
0.0,0.0,0.0,,0.0,0.0,0.0,,0.0,0.0,0.0,39,BG_F_20121113113802459,BG_S_20121115085722334,Galata,Saline Aquifer with hydrocarbon fields,,Bulgaria
45.0,56.16,65.0,Pore vol and storage eff coefficient,0.0,0.0,0.0,,0.0,0.0,0.0,40,BG_F_20121113113042054,BG_S_20121115094010677,Dolna Kamchia,Saline Aquifer with hydrocarbon fields,Paleogene,Bulgaria
80.0,85.0,105.0,Pore vol and storage eff coefficient,0.0,0.0,0.0,,0.0,0.0,0.0,41,BG_F_20121113112957329,BG_S_20121115101545003,Galabovo,Saline Aquifer without hydrocarbon fields,Paleogene,Bulgaria
70.0,72.0,90.0,Pore vol and storage eff coefficient,0.0,0.0,0.0,,0.0,0.0,0.0,42,BG_F_20121113112957329,BG_S_20121115101639364,Maritsa,Saline Aquifer without hydrocarbon fields,Paleogene,Bulgaria
0.0,240.0,0.0,Pore vol and storage eff coefficient,15.519937500000005,267.00890625000005,282.7153125000001,Method 1,267.00890625000005,0.0,0.0,43,CH_F_20120911151242576,CH_S_20120911154558388,Hauptrogenstein,Saline Aquifer without hydrocarbon fields,Jurassic,Switzerland
0.0,708.0,0.0,Pore vol and storage eff coefficient,61.30890000000001,551.7801000000001,1745.3070000000002,Method 1,551.7801000000001,0.0,0.0,44,CH_F_20120912115738325,CH_S_20120913141319278,Trigonodus Dolomite,Saline Aquifer without hydrocarbon fields,Triassic,Switzerland
0.0,251.0,0.0,Pore vol and storage eff coefficient,1.418742,39.90211875,146.410875,Method 1,39.90211875,0.0,0.0,45,CH_F_20120912122014497,CH_S_20120928135137125,Upper Marine Molasse,Saline Aquifer without hydrocarbon fields,Neogene,Switzerland
0.0,1479.0,0.0,Pore vol and storage eff coefficient,99.12577500000002,991.25775,15951.978000000003,Method 1,991.25775,0.0,0.0,46,CH_F_20120928140939203,CH_S_20120928141422937,Malm limestones,Saline Aquifer without hydrocarbon fields,Jurassic,Switzerland
0.0,0.0,0.0,,0.0,0.0,0.0,,0.0,21.562709,0.0,47,CZ_F_20121002123525510,CZ_S_20121018103535587,Neogene of Vienna Basin SU,Saline Aquifer with hydrocarbon fields,,Czech Republic
0.0,0.0,0.0,,0.0,0.0,0.0,,0.0,0.0,0.0,48,CZ_F_20121018133730541,CZ_S_20121018134342315,Neogene of Carpathian Foredeep SU,Saline Aquifer with hydrocarbon fields,,Czech Republic
85.0,94.0,100.0,Pore vol and storage eff coefficient,37.78790400000001,112.23457344000002,250.88469120000005,Method 1,112.23457344000002,0.0,0.0,49,CZ_F_20121019100338402,CZ_S_20121019101700221,Zatec,Saline Aquifer without hydrocarbon fields,Carboniferous,Czech Republic
180.0,200.0,220.0,Pore vol and storage eff coefficient,60.18624,200.15714304,449.5392,Method 1,200.15714304,0.0,0.0,50,CZ_F_20121019100338402,CZ_S_20121019104824972,Roudnice,Saline Aquifer without hydrocarbon fields,Carboniferous,Czech Republic
100.0,109.0,120.0,Pore vol and storage eff coefficient,58.38568128000001,114.60417624000002,436.52551680000005,Method 1,114.60417624000002,0.0,0.0,51,CZ_F_20121019100338402,CZ_S_20121019110211596,Mnichovo Hradiste,Saline Aquifer without hydrocarbon fields,Permian,Czech Republic
18.0,20.0,22.0,Pore vol and storage eff coefficient,6.080256,20.681122176,63.0030336,Method 1,20.681122176,0.0,0.0,52,CZ_F_20121019100338402,CZ_S_20121019110904584,Nova Paka,Saline Aquifer without hydrocarbon fields,Permian,Czech Republic
0.0,0.0,0.0,,0.0,0.0,0.0,,0.0,0.0,0.0,53,DE_F_20120926141820351,DE_S_20120926143217249,Upper Rotliegend,Saline Aquifer without hydrocarbon fields,,Germany
0.0,0.0,0.0,,0.0,0.0,0.0,,0.0,0.0,0.0,54,DE_F_20120926144047198,DE_S_20120926144228241,Middle Buntsandstein,Saline Aquifer without hydrocarbon fields,,Germany
0.0,0.0,0.0,,0.0,0.0,0.0,,0.0,0.0,0.0,55,DE_F_20120926163310973,DE_S_20120926163651464,Keuper,Saline Aquifer without hydrocarbon fields,,Germany
0.0,0.0,0.0,,0.0,0.0,0.0,,0.0,0.0,0.0,56,DE_F_20120926164910997,DE_S_20120926165034644,Middle Jurassic,Saline Aquifer with hydrocarbon fields,,Germany
0.0,0.0,0.0,,0.0,0.0,0.0,,0.0,0.0,0.0,57,DE_F_20120927081255310,DE_S_20120927082142391,Upper Rotliegend Storage Unit,Saline Aquifer with hydrocarbon fields,,Germany
0.0,0.0,0.0,,0.0,0.0,0.0,,0.0,0.0,0.0,58,DE_F_20120927101910147,DE_S_20120927102009239,Zechstein,Saline Aquifer with hydrocarbon fields,,Germany
0.0,0.0,0.0,,0.0,0.0,0.0,,0.0,0.0,0.0,59,DE_F_20120927142849255,DE_S_20120927142942607,Middle Buntsandstein Storage Unit,Saline Aquifer with hydrocarbon fields,,Germany
0.0,0.0,0.0,,0.0,0.0,0.0,,0.0,0.0,0.0,60,DE_F_20120927145437579,DE_S_20120927145832047,Upper Keuper and Lower Jurassic Storage Unit,Saline Aquifer without hydrocarbon fields,,Germany
0.0,0.0,0.0,,0.0,0.0,0.0,,0.0,0.0,0.0,61,DE_F_20120927150524060,DE_S_20120927150805114,Middle Jurassic Storage Unit,Saline Aquifer with hydrocarbon fields,,Germany
0.0,0.0,0.0,,0.0,0.0,0.0,,0.0,0.0,0.0,62,DE_F_20120927152738323,DE_S_20120927152951764,Lower Cretaceous Storage Unit,Saline Aquifer with hydrocarbon fields,,Germany
0.0,0.0,0.0,,0.0,0.0,0.0,,0.0,0.0,0.0,63,DE_F_20120927154821265,DE_S_20120927155526240,Rotliegend Storage Unit,Saline Aquifer without hydrocarbon fields,,Germany
0.0,0.0,0.0,,0.0,0.0,0.0,,0.0,0.0,0.0,64,DE_F_20120927155607159,DE_S_20120927155819384,Zechstein Storage Unit,Saline Aquifer with hydrocarbon fields,,Germany
0.0,0.0,0.0,,0.0,0.0,0.0,,0.0,0.0,0.0,65,DE_F_20120927161301830,DE_S_20120927161432732,Rotliegend Storage Unit,Saline Aquifer without hydrocarbon fields,,Germany
0.0,0.0,0.0,,0.0,0.0,0.0,,0.0,0.0,0.0,66,DE_F_20120927161715455,DE_S_20120927161836482,Rotliegend Storage Unit,Saline Aquifer without hydrocarbon fields,,Germany
0.0,0.0,0.0,,0.0,0.0,0.0,,0.0,0.0,0.0,67,DE_F_20120927161928196,DE_S_20120927162056414,Upper Carboniferous and Rotliegend Storage Unit,Saline Aquifer without hydrocarbon fields,,Germany
0.0,0.0,0.0,,0.0,0.0,0.0,,0.0,0.0,0.0,68,DE_F_20120927162140218,DE_S_20120927162252072,Buntsandstein Storage Unit,Saline Aquifer without hydrocarbon fields,,Germany
0.0,0.0,0.0,,0.0,0.0,0.0,,0.0,0.0,0.0,69,DE_F_20120927162324692,DE_S_20120927162433488,Muschelkalk Storage Unit,Saline Aquifer without hydrocarbon fields,,Germany
0.0,0.0,0.0,,0.0,0.0,0.0,,0.0,0.0,0.0,70,DE_F_20120927162516871,DE_S_20120927162724791,Upper Rotliegend Storage Unit,Saline Aquifer without hydrocarbon fields,,Germany
0.0,0.0,0.0,,0.0,0.0,0.0,,0.0,0.0,0.0,71,DE_F_20120927162758955,DE_S_20120927162918905,Lower and Middle Muschelkalk Storage Unit,Saline Aquifer without hydrocarbon fields,,Germany
0.0,0.0,0.0,,0.0,0.0,0.0,,0.0,0.0,0.0,72,DE_F_20120927163016250,DE_S_20120927163755120,Upper Muschelkalk Storage Unit,Saline Aquifer without hydrocarbon fields,,Germany
0.0,0.0,0.0,,0.0,0.0,0.0,,0.0,0.0,0.0,73,DE_F_20120927163832060,DE_S_20120927163952587,Middle Keuper Storage Unit,Saline Aquifer without hydrocarbon fields,,Germany
0.0,0.0,0.0,,0.0,0.0,0.0,,0.0,0.0,0.0,74,DE_F_20120927164110275,DE_S_20120927164140648,Upper Keuper Storage Unit,Saline Aquifer without hydrocarbon fields,,Germany
0.0,0.0,0.0,,0.0,0.0,0.0,,0.0,0.0,0.0,75,DE_F_20120927164212752,DE_S_20120927164251877,Middle Jurassic Storage Unit,Saline Aquifer without hydrocarbon fields,,Germany
0.0,0.0,0.0,,0.0,0.0,0.0,,0.0,0.0,0.0,76,DE_F_20120927164334013,DE_S_20120927165803473,Lower Cretaceous (Aptian/Albian) Storage Unit,Saline Aquifer without hydrocarbon fields,,Germany
0.0,0.0,0.0,,0.0,0.0,0.0,,0.0,0.0,0.0,77,DE_F_20120927165837917,DE_S_20120927171037458,Upper Cretaceous (Cenomanian) Storage Unit,Saline Aquifer without hydrocarbon fields,,Germany
3200.0,154400.0,1388000.0,Pore vol and compressibility,176.29078608,6210.4003016000015,45653.293008,Method 1,6210.4003016000015,0.0,0.0,78,DK_F_20120905093809222,DK_S_20120905093827024,Bunter Sand Stone unit 1,Saline Aquifer without hydrocarbon fields,Triassic,Denmark
2300.0,120000.0,368000.0,Pore vol and compressibility,86.664,9072.13824,54740.275004,Method 1,9072.13824,0.0,0.0,79,DK_F_20120905113052957,DK_S_20120905113124838,Gassum Formation unit 1,Saline Aquifer without hydrocarbon fields,Jurassic,Denmark
35.0,36000.0,114000.0,Pore vol and compressibility,0.001755,3.35874825,10.016562464999998,Method 1,3.35874825,0.0,0.0,80,DK_F_20120905113540120,DK_S_20120905113606539,Haldager Formation unit 1,Saline Aquifer without hydrocarbon fields,Jurassic,Denmark
6800.0,154000.0,1387000.0,Pore vol and compressibility,0.0,36636.565248,174939.15600000005,Method 1,36636.565248,0.0,0.0,81,DK_F_20121002015118518,DK_S_20121005113449910,Skagerrak Formation unit 1,Saline Aquifer without hydrocarbon fields,Triassic,Denmark
0.0,7.86,0.0,Pore vol and storage eff coefficient,0.0,0.0,0.0,,0.0,0.0,0.0,82,ES_F_20121021201148283,ES_S_20121021210300810,Banda Plegada de Ubierna,Saline Aquifer without hydrocarbon fields,,Spain
0.0,1.69,0.0,Pore vol and storage eff coefficient,0.0,0.0,0.0,,0.0,0.0,0.0,83,ES_F_20121021201148283,ES_S_20121021212006218,Matienzo,Saline Aquifer without hydrocarbon fields,,Spain
0.0,47.25,0.0,Pore vol and storage eff coefficient,0.0,0.0,0.0,,0.0,0.0,0.0,84,ES_F_20121021201148283,ES_S_20121021221155700,Plataforma de Cabuerniga,Saline Aquifer without hydrocarbon fields,,Spain
0.0,35.44,0.0,Pore vol and storage eff coefficient,0.0,0.0,0.0,Method 2,0.0,0.0,0.0,85,ES_F_20121021201148283,ES_S_20121021222227020,Oeste de Polientes,Saline Aquifer without hydrocarbon fields,,Spain
0.0,3.41,0.0,Pore vol and storage eff coefficient limited by trap vol,0.0,0.0,0.0,,0.0,0.0,0.0,86,ES_F_20121022131617352,ES_S_20121022131707631,Banda Plegada Ubierna,Saline Aquifer without hydrocarbon fields,,Spain
0.0,1.81,0.0,Pore vol and storage eff coefficient limited by trap vol,0.0,0.0,0.0,,0.0,0.0,0.0,87,ES_F_20121022131617352,ES_S_20121022161534950,Matienzo,Saline Aquifer without hydrocarbon fields,,Spain
0.0,6.42,0.0,Pore vol and storage eff coefficient limited by trap vol,0.0,0.0,0.0,,0.0,0.0,0.0,88,ES_F_20121022131617352,ES_S_20121023100306732,Hontomin,Saline Aquifer with hydrocarbon fields,Jurassic,Spain
0.0,12.85,0.0,Pore vol and storage eff coefficient,0.0,0.0,0.0,,0.0,0.0,0.0,89,ES_F_20121022131617352,ES_S_20121023102828716,Oeste de Polientes,Saline Aquifer without hydrocarbon fields,Jurassic,Spain
0.0,1.83,0.0,Pore vol and storage eff coefficient,0.0,0.0,0.0,,0.0,0.0,0.0,90,ES_F_20121021201148283,ES_S_20121023104022469,Ancillo,Saline Aquifer without hydrocarbon fields,Triassic,Spain
0.0,132.19,0.0,Pore vol and storage eff coefficient,0.0,0.0,0.0,,0.0,0.0,0.0,91,ES_F_20121021201148283,ES_S_20121023120703303,Campillo,Saline Aquifer without hydrocarbon fields,Triassic,Spain
0.0,242.97,0.0,Pore vol and storage eff coefficient,0.0,0.0,0.0,,0.0,0.0,0.0,92,ES_F_20121021201148283,ES_S_20121023121047963,Iglesias,Saline Aquifer without hydrocarbon fields,Triassic,Spain
0.0,75.26999999999998,0.0,Pore vol and storage eff coefficient,0.0,0.0,0.0,,0.0,0.0,0.0,93,ES_F_20121021201148283,ES_S_20121023121523446,Don Juan Este,Saline Aquifer without hydrocarbon fields,Triassic,Spain
0.0,9.56,0.0,Pore vol and storage eff coefficient,0.0,0.0,0.0,,0.0,0.0,0.0,94,ES_F_20121021201148283,ES_S_20121023122312944,Don Juan Oeste,Saline Aquifer without hydrocarbon fields,Triassic,Spain
0.0,1212.46,0.0,Pore vol and storage eff coefficient,0.0,0.0,0.0,,0.0,0.0,0.0,95,ES_F_20121023122851984,ES_S_20121023123807340,Zona Enlace,Saline Aquifer without hydrocarbon fields,,Spain
0.0,318.6,0.0,Pore vol and storage eff coefficient,0.0,0.0,0.0,,0.0,0.0,0.0,96,ES_F_20121023122851984,ES_S_20121023124125118,Roncal-Illón,Saline Aquifer without hydrocarbon fields,,Spain
0.0,22.28,0.0,Pore vol and storage eff coefficient,0.0,0.0,0.0,,0.0,0.0,0.0,97,ES_F_20121023122851984,ES_S_20121023124934712,Magallon,Saline Aquifer without hydrocarbon fields,,Spain
0.0,68.93,0.0,Pore vol and storage eff coefficient,0.0,0.0,0.0,,0.0,0.0,0.0,98,ES_F_20121023122851984,ES_S_20121023125312130,Arnedo,Saline Aquifer without hydrocarbon fields,,Spain
79.56,79.56,79.56,From detailed site characterisation study,79.56576810000001,79.56576810000001,79.56576810000001,Method 1,79.56576810000001,0.0,0.0,184,IT_F_20121010152539660,IT_S_20121010152629738,Licia 1 - Calabria 1 SU,Saline Aquifer without hydrocarbon fields,,Italy
205.7286,205.7286,205.7286,From detailed site characterisation study,205.729783644,205.729783644,205.729783644,Method 1,205.729783644,0.0,0.0,185,IT_F_20121010153841021,IT_S_20121010153941584,Lara 1 - Calabria mare 1 SU,Saline Aquifer without hydrocarbon fields,,Italy
186.732,186.732,186.732,From detailed site characterisation study,186.74379360000003,186.74379360000003,186.74379360000003,Method 1,186.74379360000003,0.0,0.0,186,IT_F_20121010165100811,IT_S_20121010165609360,Fosca 1 - Calabria mare 2 SU,Saline Aquifer without hydrocarbon fields,Neogene,Italy
70.5024,70.5024,70.5024,From detailed site characterisation study,70.5043584,70.5043584,70.5043584,Method 1,70.5043584,0.0,0.0,187,IT_F_20121010170832724,IT_S_20121010171113037,Biddusa 2 - Sicilia 1 SU,Saline Aquifer without hydrocarbon fields,Neogene,Italy
54.756,54.756,54.756,From detailed site characterisation study,54.75600000000001,54.75600000000001,54.75600000000001,Method 1,54.75600000000001,0.0,0.0,188,IT_F_20121010172946255,IT_S_20121010173033911,Furci 9 - Abruzzi 2 SU,Saline Aquifer without hydrocarbon fields,Neogene,Italy
0.0,0.0,0.0,,0.0,0.0,0.0,,0.0,6.863451919043902,0.0,189,IT_F_20121010180248517,IT_S_20121010180305267,COTIGNOLA SU,Saline Aquifer with hydrocarbon fields,,Italy
0.0,0.0,0.0,,0.0,0.0,0.0,,0.0,21.917540222506986,0.0,190,IT_F_20121031102032101,IT_S_20121031102513070,CUGNO LE MACINE SU,Saline Aquifer with hydrocarbon fields,,Italy
0.0,0.0,0.0,,0.0,0.0,0.0,,0.0,3.3207409866266318,0.0,191,IT_F_20121031104250082,IT_S_20121031104302098,LENO SU,Saline Aquifer with hydrocarbon fields,,Italy
0.0,0.0,0.0,,0.0,0.0,0.0,,0.0,2.825583208135486,0.0,192,IT_F_20121031111256239,IT_S_20121031111303505,PIADENA EST SU,Saline Aquifer with hydrocarbon fields,,Italy
0.0,0.0,0.0,,0.0,0.0,0.0,,0.0,15.443386527617722,0.0,193,IT_F_20121031114012049,IT_S_20121031114024236,SERRA PIZZUTA SU,Saline Aquifer with hydrocarbon fields,,Italy
0.0,0.0,0.0,,0.0,0.0,0.0,,0.0,2.074306050388375,0.0,194,IT_F_20121031114948505,IT_S_20121031115000333,PORTO CORSINI TERRA SU,Saline Aquifer with hydrocarbon fields,,Italy
0.0,0.0,0.0,,0.0,0.0,0.0,,0.0,0.434390504343905,0.0,195,IT_F_20121031115739676,IT_S_20121031115753458,RAPAGNANO SU,Saline Aquifer with hydrocarbon fields,,Italy
0.0,0.0,0.0,,0.0,0.0,0.0,,0.0,70.38256304919794,0.0,196,IT_F_20121031120211176,IT_S_20121031120213880,RAVENNA TERRA SU,Saline Aquifer with hydrocarbon fields,,Italy
0.0,0.0,0.0,,0.0,0.0,0.0,,0.0,1.3573365029362028,0.0,197,IT_F_20121031120548505,IT_S_20121031120555489,ROMANENGO SU,Saline Aquifer with hydrocarbon fields,,Italy
0.0,0.0,0.0,,0.0,0.0,0.0,,0.0,1.5890297372125342,0.0,198,IT_F_20121031120838911,IT_S_20121031120848176,S.BENEDETTO SU,Saline Aquifer with hydrocarbon fields,,Italy
0.0,0.0,0.0,,0.0,0.0,0.0,,0.0,4.4421859623938404,0.0,199,IT_F_20121031121123708,IT_S_20121031121144036,S.POTITO SU,Saline Aquifer with hydrocarbon fields,,Italy
73.0,78.0,85.0,Pore vol and storage eff coefficient limited by trap vol,49.688892,84.69697499999998,132.12728099999998,Method 1,89.43614889999998,4.739173900000001,0.0,200,LT_F_20121003145626765,LT_S_20121003151204093,Cambrian Sandstone,Saline Aquifer with hydrocarbon fields,Cambrian,Lithuania
1417.0,13552.0,46337.0,Pore vol and storage eff coefficient,1417.5,13552.0,46337.2,Method 1,13552.0,0.0,0.0,201,LV_F_20121008163124647,LV_S_20121008163157777,Deimena Formation Sandstone,Saline Aquifer with hydrocarbon fields,Cambrian,Latvia
11.4,11.4,11.4,Pore vol and storage eff coefficient,17.836,72.5088,183.456,Method 1,72.5088,0.0,0.0,202,MK_F_20121001093332591,MK_S_20121001094902451,Priabonian sandstone Ergelija,Saline Aquifer without hydrocarbon fields,Paleogene,"Macedonia, The Former Yugoslav Republic Of"
5.6,5.6,5.6,Pore vol and storage eff coefficient,10.325,42.48,104.076,Method 1,42.48,0.0,0.0,203,MK_F_20121001122911657,MK_S_20121001130346379,Priabonian sandstone Sveti Nikole,Saline Aquifer without hydrocarbon fields,Neogene,"Macedonia, The Former Yugoslav Republic Of"
3.9,3.9,3.9,Pore vol and storage eff coefficient,6.195,28.32,74.34,Method 1,28.32,0.0,0.0,204,MK_F_20121001135515395,MK_S_20121001135946182,Priabonian sandstone Veles,Saline Aquifer without hydrocarbon fields,Neogene,"Macedonia, The Former Yugoslav Republic Of"
0.0,0.0,0.0,,0.0,0.0,0.0,,0.0,0.0,0.0,205,NL_F_20120924134347852,NL_S_20120925134347852,De lutte formation_SU,saline aquifer with hydrocarbon fields,Carboniferous,Netherlands
0.0,0.0,0.0,,0.0,0.0,0.0,,0.0,0.0,0.0,206,NL_F_20120924134347853,NL_S_20120925134347853,Hospital ground formation_SU,saline aquifer with hydrocarbon fields,,Netherlands
0.0,0.0,0.0,,0.0,0.0,0.0,,0.0,0.0,0.0,207,NL_F_20120924134347854,NL_S_20120925134347854,Ruurlo formation/hospital ground formation_SU,saline aquifer with hydrocarbon fields,,Netherlands
0.0,0.0,0.0,,0.0,0.0,0.0,,0.0,0.0,0.0,208,NL_F_20120924134347855,NL_S_20120925134347855,Tubbergen formation_SU,saline aquifer with hydrocarbon fields,,Netherlands
0.0,0.0,0.0,,0.0,0.0,0.0,,0.0,0.0,0.0,209,NL_F_20120924134347856,NL_S_20120925134347856,Limburg Group_SU,saline aquifer with hydrocarbon fields,,Netherlands
0.0,0.0,0.0,,0.0,0.0,0.0,,0.0,0.0,0.0,210,NL_F_20120924134347857,NL_S_20120925134347857,Silverpit formation_SU,saline aquifer with hydrocarbon fields,,Netherlands
0.0,0.0,0.0,,0.0,0.0,0.0,,0.0,0.0,0.0,211,NL_F_20120924134347858,NL_S_20120925134347858,Slochteren formation_SU,saline aquifer with hydrocarbon fields,,Netherlands
0.0,0.0,0.0,,0.0,0.0,0.0,,0.0,0.0,0.0,212,NL_F_20120924134347859,NL_S_20120925134347859,Z3 (leine) formation_SU,saline aquifer with hydrocarbon fields,,Netherlands
0.0,0.0,0.0,,0.0,0.0,0.0,,0.0,0.0,0.0,213,NL_F_20120924134347860,NL_S_20120925134347860,Z2 (stassfurt) formation_SU,saline aquifer with hydrocarbon fields,,Netherlands
0.0,0.0,0.0,,0.0,0.0,0.0,,0.0,0.0,0.0,214,NL_F_20120924134347861,NL_S_20120925134347861,Lower buntsandstein formation_SU,saline aquifer with hydrocarbon fields,,Netherlands
0.0,0.0,0.0,,0.0,0.0,0.0,,0.0,0.0,0.0,215,NL_F_20120924134347862,NL_S_20120925134347862,hardegsen formation_SU,saline aquifer with hydrocarbon fields,,Netherlands
0.0,0.0,0.0,,0.0,0.0,0.0,,0.0,0.0,0.0,216,NL_F_20120924134347863,NL_S_20120925134347863,Volpriehausen formation//Soling formation_SU,saline aquifer with hydrocarbon fields,,Netherlands
0.0,0.0,0.0,,0.0,0.0,0.0,,0.0,0.0,0.0,217,NL_F_20120924134347864,NL_S_20120925134347864,Main buntsandstein subgroep_SU,saline aquifer with hydrocarbon fields,,Netherlands
0.0,0.0,0.0,,0.0,0.0,0.0,,0.0,0.0,0.0,218,NL_F_20120924134347865,NL_S_20120925134347865,Upper germanic trias group_SU,saline aquifer with hydrocarbon fields,,Netherlands
0.0,0.0,0.0,,0.0,0.0,0.0,,0.0,0.0,0.0,219,NL_F_20120924134347866,NL_S_20120925134347866,Scruff greensand formation_SU,saline aquifer with hydrocarbon fields,,Netherlands
0.0,0.0,0.0,,0.0,0.0,0.0,,0.0,0.0,0.0,220,NL_F_20120924134347867,NL_S_20120925134347867,Vlieland sandstone formation_SU,saline aquifer with hydrocarbon fields,,Netherlands
0.0,0.0,0.0,,0.0,0.0,0.0,,0.0,0.0,0.0,221,NL_F_20120924134347868,NL_S_20120925134347868,Holland formation_SU,saline aquifer with hydrocarbon fields,,Netherlands
0.0,0.0,0.0,,0.0,0.0,0.0,,0.0,0.0,0.0,222,NL_F_20120924134347869,NL_S_20120925134347869,Ommelanden formation_SU,saline aquifer with hydrocarbon fields,,Netherlands
0.0,15770.0,0.0,Pore vol and storage eff coefficient,0.0,0.0,0.0,,0.0,0.0,0.0,223,NO_F_20120831124232138,NO_S_20121106101249611,Utsira and Skade SU,Saline Aquifer without hydrocarbon fields,lower Miocene,Norway
0.0,13600.0,0.0,Pore vol and storage eff coefficient,0.0,0.0,0.0,,0.0,0.0,0.0,224,NO_F_20121106103651359,NO_S_20121106103720125,Bryne and Sandnes southern parts SU,Saline Aquifer without hydrocarbon fields,middle Jurassic,Norway
0.0,4090.0,0.0,Pore vol and storage eff coefficient,0.0,0.0,0.0,,0.0,0.0,0.0,225,NO_F_20121106104641695,NO_S_20121106104718512,Sognefjord delta east SU,Saline Aquifer without hydrocarbon fields,upper middle jurassic,Norway
0.0,3590.0,0.0,Pore vol and storage eff coefficient,0.0,0.0,0.0,,0.0,0.0,0.0,226,NO_F_20121106105012282,NO_S_20121106105029005,Statfjord east SU,Saline Aquifer without hydrocarbon fields,uppermost Triassic,Norway
0.0,2850.0,0.0,Pore vol and storage eff coefficient,0.0,0.0,0.0,,0.0,0.0,0.0,227,NO_F_20121106131137919,NO_S_20121106131211701,Gassum SU,Saline Aquifer without hydrocarbon fields,Uppermost Triassic,Norway
0.0,1780.0,0.0,Pore vol and storage eff coefficient,0.0,0.0,0.0,,0.0,0.0,0.0,228,NO_F_20121106131503819,NO_S_20121106131533299,Johansen and Cook SU,Saline Aquifer without hydrocarbon fields,Lower Jurassic,Norway
0.0,960.0,0.0,Pore vol and storage eff coefficient,0.0,0.0,0.0,,0.0,0.0,0.0,229,NO_F_20121106132028120,NO_S_20121106132039490,Fiskebank SU,Saline Aquifer without hydrocarbon fields,Paleocene,Norway
0.0,2300.0,0.0,Pore vol and storage eff coefficient,0.0,0.0,0.0,,0.0,0.0,0.0,230,NO_F_20121106103651359,NO_S_20121107102254781,Bryne and Sandnes SU in Farsund Basin,Saline Aquifer without hydrocarbon fields,middle Jurassic,Norway
0.0,90.0,0.0,Pore vol and storage eff coefficient,0.0,0.0,0.0,,0.0,0.0,0.0,231,NO_F_20121107102744460,NO_S_20121107102801557,Hugin east SU,Saline Aquifer without hydrocarbon fields,middle Jurassic,Norway
5465.7,25213.4,547055.1,Pore vol and storage eff coefficient,5904.59796,25213.357056,429782.801184,Method 1,25213.357056,0.0,0.0,232,PL_F_20120806100126138,PL_S_20120808091634004,Mogilenska,Saline Aquifer without hydrocarbon fields,Cretaceous,Poland
864.6,39663.3,1157270.2,Pore vol and storage eff coefficient,1047.41343,39663.34236000001,1009097.6201459998,Method 1,39663.34236000001,0.0,0.0,233,PL_F_20120808112745233,PL_S_20120808112804608,Borucicka,Saline Aquifer without hydrocarbon fields,Jurassic,Poland
864.6,40568.6,931783.9000000001,Pore vol and storage eff coefficient,1071.31815,40568.56380000001,819630.957915,Method 1,40568.56380000001,0.0,0.0,234,PL_F_20120808112745233,PL_S_20120808112810552,Komorowska,Saline Aquifer without hydrocarbon fields,Jurassic,Poland
0.0,93202.3,546419.7,Pore vol and storage eff coefficient,2676.4670340000007,93202.28928,699364.0437456003,Method 1,93202.28928,0.0,0.0,235,PL_F_20120808112825606,PL_S_20120808115157953,Baltycka,Saline Aquifer without hydrocarbon fields,Triassic,Poland
47.0,0.0,0.0,Pore vol and storage eff coefficient limited by trap vol,0.0,0.0,0.0,,0.0,0.0,0.0,236,PT_F_20121113124038168,PT_S_20121114152914865,Cv-4,Saline Aquifer without hydrocarbon fields,Cretaceous,Portugal
82.0,0.0,0.0,Pore vol and storage eff coefficient limited by trap vol,0.0,0.0,0.0,,0.0,0.0,0.0,237,PT_F_20121113124038168,PT_S_20121114154207089,Li-1,Saline Aquifer without hydrocarbon fields,Cretaceous,Portugal
512.0,0.0,0.0,Pore vol and storage eff coefficient limited by trap vol,0.0,0.0,0.0,,0.0,0.0,0.0,238,PT_F_20121113124038168,PT_S_20121114154541605,P-A2,Saline Aquifer without hydrocarbon fields,Cretaceous,Portugal
421.0,0.0,0.0,Pore vol and storage eff coefficient limited by trap vol,0.0,0.0,0.0,,0.0,0.0,0.0,239,PT_F_20121113124038168,PT_S_20121114154626350,Lu-1,Saline Aquifer without hydrocarbon fields,Cretaceous,Portugal
172.0,0.0,0.0,Pore vol and storage eff coefficient limited by trap vol,0.0,0.0,0.0,,0.0,0.0,0.0,240,PT_F_20121113124038168,PT_S_20121114155908729,P-A8,Saline Aquifer without hydrocarbon fields,Cretaceous,Portugal
166.0,0.0,0.0,Pore vol and storage eff coefficient limited by trap vol,0.0,0.0,0.0,,0.0,0.0,0.0,241,PT_F_20121113124038168,PT_S_20121114161041795,P-A3,Saline Aquifer without hydrocarbon fields,Cretaceous,Portugal
378.0,0.0,0.0,Pore vol and storage eff coefficient limited by trap vol,0.0,0.0,0.0,,0.0,0.0,0.0,242,PT_F_20121113124038168,PT_S_20121114161205717,5A-1,Saline Aquifer without hydrocarbon fields,Cretaceous,Portugal
134.0,0.0,0.0,Pore vol and storage eff coefficient limited by trap vol,0.0,0.0,0.0,,0.0,0.0,0.0,243,PT_F_20121113124038168,PT_S_20121114161953631,P-B1,Saline Aquifer without hydrocarbon fields,Triassic,Portugal
603.0,0.0,0.0,Pore vol and storage eff coefficient limited by trap vol,0.0,0.0,0.0,,0.0,0.0,0.0,244,PT_F_20121114124022310,PT_S_20121114165832128,NL-A1,Saline Aquifer without hydrocarbon fields,,Portugal
240.0,0.0,0.0,Pore vol and storage eff coefficient limited by trap vol,0.0,0.0,0.0,,0.0,0.0,0.0,245,PT_F_20121114124022310,PT_S_20121114170017744,Ca-1,Saline Aquifer without hydrocarbon fields,,Portugal
323.0,0.0,0.0,Pore vol and storage eff coefficient limited by trap vol,0.0,0.0,0.0,,0.0,0.0,0.0,246,PT_F_20121114124022310,PT_S_20121114171910306,NL-A2,Saline Aquifer without hydrocarbon fields,,Portugal
335.0,0.0,0.0,Pore vol and storage eff coefficient limited by trap vol,0.0,0.0,0.0,,0.0,0.0,0.0,247,PT_F_20121114124022310,PT_S_20121114172431636,NL-A3,Saline Aquifer without hydrocarbon fields,,Portugal
211.0,0.0,0.0,Pore vol and storage eff coefficient limited by trap vol,0.0,0.0,0.0,,0.0,0.0,0.0,248,PT_F_20121114124022310,PT_S_20121114172623495,NL-A4,Saline Aquifer without hydrocarbon fields,Cretaceous,Portugal
68.0,0.0,0.0,Pore vol and storage eff coefficient limited by trap vol,0.0,0.0,0.0,,0.0,0.0,0.0,249,PT_F_20121114124022310,PT_S_20121114172758237,NL-B2,Saline Aquifer without hydrocarbon fields,Late Triassic,Portugal
157.0,0.0,0.0,Pore vol and storage eff coefficient limited by trap vol,0.0,0.0,0.0,,0.0,0.0,0.0,250,PT_F_20121114124022310,PT_S_20121115104136520,NL-A5,Saline Aquifer without hydrocarbon fields,,Portugal
10.0,0.0,0.0,Pore vol and storage eff coefficient limited by trap vol,0.0,0.0,0.0,,0.0,0.0,0.0,251,PT_F_20121114124022310,PT_S_20121115104304547,NL-B3,Saline Aquifer without hydrocarbon fields,Late Triassic,Portugal
106.0,0.0,0.0,Pore vol and storage eff coefficient limited by trap vol,0.0,0.0,0.0,,0.0,0.0,0.0,252,PT_F_20121114124022310,PT_S_20121115104505157,NL-A7,Saline Aquifer without hydrocarbon fields,Cretaceous,Portugal
10.0,0.0,0.0,Pore vol and storage eff coefficient limited by trap vol,0.0,0.0,0.0,,0.0,0.0,0.0,253,PT_F_20121114124022310,PT_S_20121115105123093,Fa-1,Saline Aquifer without hydrocarbon fields,Late Triassic,Portugal
5.0,0.0,0.0,Pore vol and storage eff coefficient limited by trap vol,0.0,0.0,0.0,,0.0,0.0,0.0,254,PT_F_20121114124022310,PT_S_20121115105239942,NL-B5,Saline Aquifer without hydrocarbon fields,Late Triassic,Portugal
1024.0,0.0,0.0,Pore vol and storage eff coefficient limited by trap vol,0.0,0.0,0.0,,0.0,0.0,0.0,255,PT_F_20121114124022310,PT_S_20121115110543372,16A-1,Saline Aquifer without hydrocarbon fields,Cretaceous,Portugal
182.0,0.0,0.0,Pore vol and storage eff coefficient limited by trap vol,0.0,0.0,0.0,,0.0,0.0,0.0,256,PT_F_20121114124154123,PT_S_20121115111013382,Alj-1,Saline Aquifer without hydrocarbon fields,Late Triassic,Portugal
27.0,0.0,0.0,Pore vol and storage eff coefficient limited by trap vol,0.0,0.0,0.0,,0.0,0.0,0.0,257,PT_F_20121114124154123,PT_S_20121115111129316,LO-A4,Saline Aquifer without hydrocarbon fields,Late Triassic,Portugal
29.0,0.0,0.0,Pore vol and storage eff coefficient limited by trap vol,0.0,0.0,0.0,,0.0,0.0,0.0,258,PT_F_20121114124310367,PT_S_20121115111319575,Go-1,Saline Aquifer without hydrocarbon fields,Late Triassic,Portugal
15.0,0.0,0.0,Pore vol and storage eff coefficient limited by trap vol,0.0,0.0,0.0,,0.0,0.0,0.0,259,PT_F_20121114124310367,PT_S_20121115111547202,SL-A4,Saline Aquifer without hydrocarbon fields,Late Triassic,Portugal
19.0,0.0,0.0,Pore vol and storage eff coefficient limited by trap vol,0.0,0.0,0.0,,0.0,0.0,0.0,260,PT_F_20121114124310367,PT_S_20121115113103010,SL-A2,Saline Aquifer without hydrocarbon fields,Late Triassic,Portugal
22.0,0.0,0.0,Pore vol and storage eff coefficient limited by trap vol,0.0,0.0,0.0,,0.0,0.0,0.0,261,PT_F_20121114124310367,PT_S_20121115113331094,Pe-1,Saline Aquifer without hydrocarbon fields,Late Triassic,Portugal
0.0,183.0,0.0,Pore vol and storage eff coefficient limited by trap vol,0.0,0.0,0.0,,0.0,0.0,0.0,262,PT_F_20121114124431528,PT_S_20121115113511695,Im-1,Saline Aquifer without hydrocarbon fields,Early Cretaceous,Portugal
0.0,662.0,0.0,Pore vol and storage eff coefficient limited by trap vol,0.0,0.0,0.0,,0.0,0.0,0.0,263,PT_F_20121114124431528,PT_S_20121115113732749,Im-1,Saline Aquifer without hydrocarbon fields,Upper-Middle Miocene,Portugal
86.0,0.0,0.0,Pore vol and storage eff coefficient limited by trap vol,0.0,0.0,0.0,,0.0,0.0,0.0,264,PT_F_20121114124431528,PT_S_20121115113859268,A-A4,Saline Aquifer without hydrocarbon fields,Early Cretaceous,Portugal
38.0,0.0,0.0,Pore vol and storage eff coefficient limited by trap vol,0.0,0.0,0.0,,0.0,0.0,0.0,265,PT_F_20121114124431528,PT_S_20121115114040729,Alg-1,Saline Aquifer without hydrocarbon fields,Early Cretaceous,Portugal
210.0,0.0,0.0,Pore vol and storage eff coefficient limited by trap vol,0.0,0.0,0.0,,0.0,0.0,0.0,266,PT_F_20121114124431528,PT_S_20121115114208349,A-A2,Saline Aquifer without hydrocarbon fields,Early Cretaceous,Portugal
68.0,0.0,0.0,Pore vol and storage eff coefficient limited by trap vol,0.0,0.0,0.0,,0.0,0.0,0.0,267,PT_F_20121114124431528,PT_S_20121115114327536,A-A1,Saline Aquifer without hydrocarbon fields,Early Cretaceous,Portugal
335.0,400.0,1343.0,Pore vol and storage eff coefficient limited by trap vol,0.0,0.0,0.0,,0.0,0.0,0.0,268,RO_F_20121018105236206,RO_S_20121018105334546,Meotian Formation from Getic Depression SU,Saline Aquifer with hydrocarbon fields,Neogene,Romania
994.3,1000.0,2485.6,Pore vol and storage eff coefficient limited by trap vol,0.0,0.0,0.0,,0.0,0.0,0.0,269,RO_F_20121018105421026,RO_S_20121018105457206,Meotian Formation from Mio-Pliocene Subzone in Muntenia SU,Saline Aquifer with hydrocarbon fields,Neogene,Romania
1674.8,1800.0,6699.4,Pore vol and storage eff coefficient limited by trap vol,0.0,0.0,0.0,,0.0,0.0,0.0,270,RO_F_20121018110000024,RO_S_20121018110013464,Middle Devonian Formation from Moesian Platform SU,Saline Aquifer with hydrocarbon fields,Devonian,Romania
1325.0,1500.0,2208.0,Pore vol and storage eff coefficient limited by trap vol,0.0,0.0,0.0,,0.0,0.0,0.0,271,RO_F_20121018110105635,RO_S_20121018110111235,Middle Jurassic Formation from Moesian Platform SU,Saline Aquifer with hydrocarbon fields,Jurassic,Romania
2194.4,2400.0,4388.8,Pore vol and storage eff coefficient limited by trap vol,0.0,0.0,0.0,,0.0,0.0,0.0,272,RO_F_20121018110153285,RO_S_20121018110202326,Miocene from Pannonian Depression SU,Saline Aquifer with hydrocarbon fields,Neogene,Romania
676.4,800.0,2705.6,Pore vol and storage eff coefficient limited by trap vol,0.0,0.0,0.0,,0.0,0.0,0.0,273,RO_F_20121018110221773,RO_S_20121018110229053,Pliocene Formation from Pannonian Depression SU,Saline Aquifer with hydrocarbon fields,Neogene,Romania
1355.7,1500.0,12906.3,Pore vol and storage eff coefficient limited by trap vol,0.0,0.0,0.0,,0.0,0.0,0.0,274,RO_F_20121018110322201,RO_S_20121018110329934,Pontian Formation from Moesian Platform SU,Saline Aquifer with hydrocarbon fields,Neogene,Romania
912.4,1000.0,1459.8,Pore vol and storage eff coefficient limited by trap vol,0.0,0.0,0.0,,0.0,0.0,0.0,275,RO_F_20121018110406427,RO_S_20121018110413097,Sarmatian Formation from Moesian Platform SU,Saline Aquifer with hydrocarbon fields,Neogene,Romania
6319.8,800.0,1239.6,Pore vol and storage eff coefficient limited by trap vol,0.0,0.0,0.0,,0.0,0.0,0.0,276,RO_F_20121018110532335,RO_S_20121018110540009,Sarmatian Formation from North-Dobroudjan Promontory SU,Saline Aquifer with hydrocarbon fields,Neogene,Romania
810.2,1000.0,3240.6,Pore vol and storage eff coefficient limited by trap vol,0.0,0.0,0.0,,0.0,0.0,0.0,277,RO_F_20121018110912872,RO_S_20121018110919412,Sarmatian Formation from Getic Depression SU,Saline Aquifer with hydrocarbon fields,Neogene,Romania
2696.8,3000.0,5393.5,Pore vol and storage eff coefficient limited by trap vol,0.0,0.0,0.0,,0.0,0.0,0.0,278,RO_F_20121018110957022,RO_S_20121018111003040,Sarmatian Formation from Transylvanian Depression SU,Saline Aquifer with hydrocarbon fields,Neogene,Romania
234.4,300.0,937.7,Pore vol and storage eff coefficient limited by trap vol,0.0,0.0,0.0,,0.0,0.0,0.0,279,RO_F_20121018111058243,RO_S_20121018111107030,Upper Burdigalian from Mio-Pliocene Subzone in Muntenia SU,Saline Aquifer with hydrocarbon fields,Neogene,Romania
1234.9,1400.0,4939.8,Pore vol and storage eff coefficient limited by trap vol,0.0,0.0,0.0,,0.0,0.0,0.0,280,RO_F_20121018112250180,RO_S_20121018112436925,Silurian Formation from Moldavian Platform SU,Saline Aquifer without hydrocarbon fields,Silurian,Romania
603.2000000000002,700.0,2412.8,Pore vol and storage eff coefficient limited by trap vol,0.0,0.0,0.0,,0.0,0.0,0.0,281,RO_F_20121018120046907,RO_S_20121018120911796,Sarmatian Formation from Moldavian Platform SU,Saline Aquifer with hydrocarbon fields,Neogene,Romania
242.3,400.0,969.3,Pore vol and storage eff coefficient limited by trap vol,0.0,0.0,0.0,,0.0,0.0,0.0,282,RO_F_20121018123247776,RO_S_20121018123531818,Tescani Beds,Saline Aquifer with hydrocarbon fields,Neogene,Romania
0.0,0.0,0.0,,0.0,0.0,0.0,,0.0,0.0,0.0,283,RS_F_20121114151133578,RS_S_20121114152455984,Northern Backa,Saline Aquifer without hydrocarbon fields,Neogene,Serbia and Montenegro
0.0,0.0,0.0,,0.0,0.0,0.0,,0.0,0.0,0.0,284,RS_F_20121114154332296,RS_S_20121114154530656,SE EDGE of Panonian basin,Saline Aquifer without hydrocarbon fields,Neogene,Serbia and Montenegro
0.0,2.9,0.0,Pore vol and storage eff coefficient,0.0,2.9,0.0,,2.9,0.0,0.0,285,SI_F_20120925121137550,SI_S_20120926100411894,KRP-2,Saline Aquifer without hydrocarbon fields,,Slovenia
0.0,1.74,0.0,Pore vol and storage eff coefficient,0.0,1.74,0.0,,1.74,0.0,0.0,286,SI_F_20120925121137550,SI_S_20120926104355270,KRP-3,Saline Aquifer without hydrocarbon fields,,Slovenia
0.0,2.25,0.0,Pore vol and storage eff coefficient,0.0,2.25,0.0,,2.25,0.0,0.0,287,SI_F_20120925121137550,SI_S_20120926104551490,KRP-4,Saline Aquifer without hydrocarbon fields,,Slovenia
0.0,14.5,0.0,Pore vol and storage eff coefficient,0.0,14.5,0.0,,14.5,0.0,0.0,288,SI_F_20120925121137550,SI_S_20120926105159709,KRP-1,Saline Aquifer without hydrocarbon fields,,Slovenia
0.0,4.61,0.0,Pore vol and storage eff coefficient,0.0,4.608,0.0,,4.608,0.0,0.0,289,SI_F_20120926104844546,SI_S_20120926105417972,LJB-1,Saline Aquifer without hydrocarbon fields,,Slovenia
0.0,1.0,0.0,Pore vol and storage eff coefficient,0.0,0.996875,0.0,,0.996875,0.0,0.0,290,SI_F_20120926104844546,SI_S_20120926105544458,LJB-2,Saline Aquifer without hydrocarbon fields,,Slovenia
0.0,2.32,0.0,Pore vol and storage eff coefficient,0.0,2.322,0.0,,2.322,0.0,0.0,291,SI_F_20120926105715073,SI_S_20120926105849720,VIP-1,Saline Aquifer without hydrocarbon fields,,Slovenia
0.0,5.42,0.0,Pore vol and storage eff coefficient,0.0,5.417999999999998,0.0,,5.417999999999998,0.0,0.0,292,SI_F_20120926105715073,SI_S_20120926110033985,VIP-2,Saline Aquifer without hydrocarbon fields,,Slovenia
0.0,9.07,0.0,Pore vol and storage eff coefficient,0.0,9.072,0.0,,9.072,0.0,0.0,293,SI_F_20120926105715073,SI_S_20120926111547393,VIP-3,Saline Aquifer without hydrocarbon fields,,Slovenia
0.0,15.12,0.0,Pore vol and storage eff coefficient,0.0,15.12,0.0,,15.12,0.0,0.0,294,SI_F_20120926105715073,SI_S_20120926120210146,VIP-4,Saline Aquifer without hydrocarbon fields,,Slovenia
0.0,34.02,0.0,Pore vol and storage eff coefficient,0.0,34.02,0.0,,34.02,0.0,0.0,295,SI_F_20120926105715073,SI_S_20120926120324643,VIP-5,Saline Aquifer without hydrocarbon fields,,Slovenia
0.0,4.44,0.0,Pore vol and storage eff coefficient,0.0,4.44,0.0,,4.44,0.0,0.0,296,SI_F_20120926120910106,SI_S_20120926121006363,SLG-1,Saline Aquifer without hydrocarbon fields,,Slovenia
0.0,2.73,0.0,Pore vol and storage eff coefficient,0.0,2.73,0.0,,2.73,0.0,0.0,297,SI_F_20120926120910106,SI_S_20120926121129572,SLG-2,Saline Aquifer without hydrocarbon fields,,Slovenia
0.0,3.35,0.0,Pore vol and storage eff coefficient,0.0,3.348,0.0,,3.348,0.0,0.0,298,SI_F_20120926121343161,SI_S_20120926121358561,SAV-1,Saline Aquifer without hydrocarbon fields,,Slovenia
0.0,2.79,0.0,Pore vol and storage eff coefficient,0.0,2.79,0.0,,2.79,0.0,0.0,299,SI_F_20120926121343161,SI_S_20120926121517860,SAV-2,Saline Aquifer without hydrocarbon fields,,Slovenia
0.0,2.73,0.0,Pore vol and storage eff coefficient,0.0,2.73,0.0,,2.73,0.0,0.0,300,SI_F_20120926121645377,SI_S_20120926121700856,MBR-1,Saline Aquifer without hydrocarbon fields,,Slovenia
0.0,8.21,0.0,Pore vol and storage eff coefficient,0.0,8.208,0.0,,8.208,0.0,0.0,301,SI_F_20120926121645377,SI_S_20120926121826064,MBR-2,Saline Aquifer without hydrocarbon fields,,Slovenia
0.0,6.09,0.0,Pore vol and storage eff coefficient,0.0,6.09,0.0,,6.09,0.0,0.0,302,SI_F_20120926121645377,SI_S_20120926121938362,MBR-3,Saline Aquifer without hydrocarbon fields,,Slovenia
0.0,2.39,0.0,Pore vol and storage eff coefficient,0.0,2.392,0.0,,2.392,0.0,0.0,303,SI_F_20120926121645377,SI_S_20120926122052379,MBR-4,Saline Aquifer without hydrocarbon fields,,Slovenia
0.0,1.2,0.0,Pore vol and storage eff coefficient,0.0,1.2,0.0,,1.2,0.0,0.0,304,SI_F_20120926121645377,SI_S_20120926122229914,MBR-5,Saline Aquifer without hydrocarbon fields,,Slovenia
0.0,0.2,0.0,Pore vol and storage eff coefficient,0.0,0.2016,0.0,,0.2016,0.0,0.0,305,SI_F_20120926121645377,SI_S_20120926122406799,MBR-6,Saline Aquifer without hydrocarbon fields,,Slovenia
0.0,0.12,0.0,Pore vol and storage eff coefficient,0.0,0.11658,0.0,,0.11658,0.0,0.0,306,SI_F_20120926121645377,SI_S_20120926122537044,MBR-7,Saline Aquifer without hydrocarbon fields,,Slovenia
0.0,0.2,0.0,Pore vol and storage eff coefficient,0.0,0.19845,0.0,,0.19845,0.0,0.0,307,SI_F_20120926121645377,SI_S_20120926122657940,MBR-8,Saline Aquifer without hydrocarbon fields,,Slovenia
0.0,0.14,0.0,Pore vol and storage eff coefficient,0.0,0.14112,0.0,,0.14112,0.0,0.0,308,SI_F_20120926121645377,SI_S_20120926122809919,MBR-9,Saline Aquifer without hydrocarbon fields,,Slovenia
0.0,0.31,0.0,Pore vol and storage eff coefficient,0.0,0.3066,0.0,,0.3066,0.0,0.0,309,SI_F_20120926121645377,SI_S_20120926122934609,MBR-10,Saline Aquifer without hydrocarbon fields,,Slovenia
0.0,1.48,0.0,Pore vol and storage eff coefficient,0.0,1.4784,0.0,,1.4784,0.0,0.0,310,SI_F_20120926123106439,SI_S_20120926123239198,PMU-1,Saline Aquifer without hydrocarbon fields,,Slovenia
0.0,1.97,0.0,Pore vol and storage eff coefficient,0.0,1.968,0.0,,1.968,0.0,0.0,311,SI_F_20120926123106439,SI_S_20120926123410526,PMU-2,Saline Aquifer without hydrocarbon fields,,Slovenia
0.0,3.47,0.0,Pore vol and storage eff coefficient,0.0,3.465,0.0,,3.465,0.0,0.0,312,SI_F_20120926123106439,SI_S_20120926123524124,PMU-3,Saline Aquifer without hydrocarbon fields,,Slovenia
0.0,0.84,0.0,Pore vol and storage eff coefficient,0.0,0.84,0.0,,0.84,0.0,0.0,313,SI_F_20120926123106439,SI_S_20120926123844576,PMU-5,Saline Aquifer without hydrocarbon fields,,Slovenia
0.0,0.56,0.0,Pore vol and storage eff coefficient,0.0,0.55692,0.0,,0.55692,0.0,0.0,314,SI_F_20120926123106439,SI_S_20120926123954533,PMU-6,Saline Aquifer without hydrocarbon fields,,Slovenia
0.0,0.44,0.0,Pore vol and storage eff coefficient,0.0,0.44352,0.0,,0.44352,0.0,0.0,315,SI_F_20120926123106439,SI_S_20120926124118938,PMU-7,Saline Aquifer without hydrocarbon fields,,Slovenia
0.0,11.95,0.0,Pore vol and storage eff coefficient,0.0,11.952,0.0,,11.952,0.0,0.0,316,SI_F_20120926124314882,SI_S_20120926124356470,ILB-1,Saline Aquifer without hydrocarbon fields,,Slovenia
0.7,1.75,3.5,Pore vol and storage eff coefficient limited by trap vol,0.0,1.728,0.0,Method 1,1.728,0.0,0.0,317,SI_F_20120926161118847,SI_S_20120926161310440,Unit 1 - Petisovci sandst.,Saline Aquifer with hydrocarbon fields,Neogene,Slovenia
0.15,0.39,0.75,Pore vol and storage eff coefficient limited by trap vol,0.0,0.39,0.0,Method 1,0.39,0.0,0.0,318,SI_F_20120926161118847,SI_S_20120926161616689,Unit 2 - Lovaszi sandst.,Saline Aquifer with hydrocarbon fields,Neogene,Slovenia
0.1,0.26,0.52,Pore vol and storage eff coefficient limited by trap vol,0.0,0.2592,0.0,Method 1,0.2592,0.0,0.0,319,SI_F_20120926161118847,SI_S_20120926161627048,Unit 3 - Mid.Ratka sandst.,Saline Aquifer with hydrocarbon fields,Neogene,Slovenia
1.27,3.17,6.34,Pore vol and storage eff coefficient limited by trap vol,0.0,3.170475000000001,0.0,Method 1,3.170475000000001,0.0,0.0,320,SI_F_20120926161118847,SI_S_20120927091741075,Unit 4 - Upp.Ratka sandst.,,Neogene,Slovenia
0.0,0.28,0.0,Pore vol and storage eff coefficient,0.0,0.28458,0.0,,0.28458,0.0,0.0,321,SI_F_20120926123106439,SI_S_20120927111935714,PMU-4,Saline Aquifer without hydrocarbon fields,,Slovenia
181.0,500.0,1361.0,Pore vol and storage eff coefficient,22.932,496.7424,2449.44,Method 1,496.7424,0.0,0.0,322,SK_F_20121004130547281,SK_S_20121004130857921,Danube basin Pannonian SU,Saline Aquifer without hydrocarbon fields,Neogene,Slovakia
1089.0,5000.0,8165.0,Pore vol and storage eff coefficient,196.1856,784.7424000000002,1889.7536,Method 1,784.7424000000002,0.0,0.0,323,SK_F_20121005090533390,SK_S_20121005090639203,Danube basin Pontian SU,Saline Aquifer without hydrocarbon fields,Neogene,Slovakia
900.0,1500.0,2939.0,Pore vol and storage eff coefficient,78.3288,169.0416,311.2512000000001,Method 1,169.0416,0.0,0.0,324,SK_F_20121005094655531,SK_S_20121005095224765,TransCaarpathian basin Sarmathian SU,Saline Aquifer with hydrocarbon fields,Neogene,Slovakia
51.0,223.0,519.0,Pore vol and storage eff coefficient,51.01056,223.1712,519.552,Method 1,223.1712,0.0,0.0,325,SK_F_20121005103339437,SK_S_20121005103656390,TransCarpathian basin Pannonian SU,Saline Aquifer without hydrocarbon fields,Neogene,Slovakia
13.0,50.0,150.0,Pore vol and storage eff coefficient,108.864,79.37999999999998,205.632,Method 1,79.37999999999998,0.0,0.0,326,SK_F_20121005110702187,SK_S_20121005111837109,Bzovík Mezozoic SU,Saline Aquifer without hydrocarbon fields,Triassic,Slovakia
0.5,1.0,1.5,Pore vol and compressibility limited by traps,0.222075,0.756,1.31473125,Method 1,0.756,0.0,0.0,327,SK_F_20121023085542453,SK_S_20121023101939826,Lipany SU,Saline Aquifer with hydrocarbon fields,Paleogene,Slovakia
2.0,2.49,3.1,Pore vol and storage eff coefficient,0.04032,0.4536,1.6128,Method 2,0.4536,0.0,0.0,328,SK_F_20121023115656561,SK_S_20121023120917842,Ivanka - Golianovo SU,Saline Aquifer with hydrocarbon fields,Neogene,Slovakia
0.061,0.1,0.12,Pore vol and storage eff coefficient,0.1512,1.086624,2.54016,Method 1,1.086624,0.0,0.0,329,SK_F_20121023122726311,SK_S_20121023123627295,Horna Krupa SU,Saline Aquifer with hydrocarbon fields,Neogene,Slovakia
0.05,0.078,0.12,Pore vol and storage eff coefficient,0.08064,1.17936,4.79808,Method 1,1.17936,0.0,0.0,330,SK_F_20121023124959451,SK_S_20121023125655483,Cifer SU,Saline Aquifer with hydrocarbon fields,Neogene,Slovakia
3.1,3.51,4.2,Pore vol and storage eff coefficient,0.1701,1.134,3.24576,Method 1,1.134,0.0,0.0,331,SK_F_20121023123112545,SK_S_20121023131759451,Samorin SU,Saline Aquifer with hydrocarbon fields,Neogene,Slovakia
1.5,1.98,2.5,Pore vol and storage eff coefficient,0.2016,0.756,1.5876,Method 1,0.756,0.0,0.0,332,SK_F_20121005103210921,SK_S_20121023133904373,Sered SU,Saline Aquifer with hydrocarbon fields,Neogene,Slovakia
0.2,0.229,0.5,Pore vol and storage eff coefficient,0.197568,0.9072,2.095632,Method 1,0.9072,0.0,0.0,333,SK_F_20121023133144576,SK_S_20121023135731264,Nizna SU,Saline Aquifer with hydrocarbon fields,Neogene,Slovakia
0.3,0.39,0.5,Pore vol and storage eff coefficient,0.095256,0.6048,1.571724,Method 1,0.668052,0.063252,0.0,334,SK_F_20121023140811295,SK_S_20121023141256670,Spacince SU,Saline Aquifer with hydrocarbon fields,Neogene,Slovakia
0.15,0.191,0.25,Pore vol and storage eff coefficient,0.0,1.48176,0.0,Method 2,1.48176,0.0,0.0,335,SK_F_20121023144954920,SK_S_20121023145640217,Trakovice SU,Saline Aquifer with hydrocarbon fields,Neogene,Slovakia
0.31,0.368,0.4,Pore vol and storage eff coefficient,0.09072,0.441,0.9072,Method 1,0.441,0.0,0.0,336,SK_F_20121024083207078,SK_S_20121024084226093,Madunice SU,Saline Aquifer with hydrocarbon fields,Neogene,Slovakia
4.0,5.3,6.1,Pore vol and storage eff coefficient,0.18144,0.98784,1.8144,Method 1,0.98784,0.0,0.0,337,SK_F_20121024090533046,SK_S_20121024091102859,Banovce nad Ondavou SU,Saline Aquifer with hydrocarbon fields,Neogene,Slovakia
0.5,0.781,1.0,Pore vol and storage eff coefficient,0.126,0.63504,1.714608,Method 1,0.63504,0.0,0.0,338,SK_F_20121024092048437,SK_S_20121024092408203,Kravany SU,Saline Aquifer with hydrocarbon fields,Neogene,Slovakia
3.5,4.2,5.0,Pore vol and storage eff coefficient,0.477456,1.75392,6.984499200000003,Method 1,1.75392,0.0,0.0,339,SK_F_20121024093127750,SK_S_20121024093609046,Ptruksa SU,Saline Aquifer with hydrocarbon fields,Neogene,Slovakia
0.8,1.06,1.3,Pore vol and storage eff coefficient,0.06048,0.5292,1.3716864,Method 1,0.5292,0.0,0.0,340,SK_F_20121024094540968,SK_S_20121024111548968,Rakovec nad Ondavou SU,Saline Aquifer with hydrocarbon fields,Neogene,Slovakia
10.0,15.2,20.0,Pore vol and storage eff coefficient,0.2079,1.8711,6.652800000000001,Method 1,1.8711,0.0,0.0,341,SK_F_20121024131353671,SK_S_20121024131745453,Senne SU,Saline Aquifer with hydrocarbon fields,Neogene,Slovakia
11.0,14.5,18.0,Pore vol and storage eff coefficient,0.57888,2.5728,6.5124,Method 1,2.5728,0.0,0.0,342,SK_F_20121024132616781,SK_S_20121024133106046,Stretava SU,Saline Aquifer with hydrocarbon fields,Neogene,Slovakia
0.8,1.12,1.5,Pore vol and storage eff coefficient,0.198,0.81,2.457,Method 1,0.81,0.0,0.0,343,SK_F_20121024134308890,SK_S_20121024134817625,Trebisov SU,Saline Aquifer with hydrocarbon fields,Neogene,Slovakia
3.5,4.6,5.7,Pore vol and storage eff coefficient,0.7947072,2.731806,5.63706,Method 1,2.731806,0.0,0.0,344,SK_F_20121024140106828,SK_S_20121024140543921,Trhoviste - Pozdisovce SU,Saline Aquifer with hydrocarbon fields,Neogene,Slovakia
2.55,3.16,3.78,Pore vol and storage eff coefficient,0.199584,0.5292,1.1757312,Method 1,0.5292,0.0,0.0,345,SK_F_20121024142128734,SK_S_20121024142727500,Visnov SU,Saline Aquifer with hydrocarbon fields,Neogene,Slovakia
10.0,12.6,13.6,Pore vol and storage eff coefficient,0.3375,0.735,0.8,Method 1,0.735,0.0,0.0,346,SK_F_20121024143442828,SK_S_20121024143805718,Borsky Jur SU,Saline Aquifer with hydrocarbon fields,Triassic,Slovakia
4.5,5.9,6.5,Pore vol and storage eff coefficient,0.74088,3.704400000000001,8.680203000000002,Method 1,3.704400000000001,0.0,0.0,347,SK_F_20121024160916531,SK_S_20121024161258265,Gajary - Badenian SU,Saline Aquifer with hydrocarbon fields,Neogene,Slovakia
0.4,0.463,0.55,Pore vol and storage eff coefficient,0.455868,1.367604,0.79596,Method 1,1.367604,0.0,0.0,348,SK_F_20121024163126828,SK_S_20121024163331625,Gbely SU,Saline Aquifer with hydrocarbon fields,Neogene,Slovakia
0.2,0.3,0.4,Pore vol and storage eff coefficient,0.509355,1.8144,4.365900000000001,Method 1,1.8144,0.0,0.0,349,SK_F_20121024164350484,SK_S_20121024164714500,Gbelz B -field SU,Saline Aquifer with hydrocarbon fields,Neogene,Slovakia
1.5,1.8,2.2,Pore vol and storage eff coefficient,0.33075,1.42884,3.405402,Method 1,1.42884,0.0,0.0,350,SK_F_20121024165324265,SK_S_20121024165740734,Jakubov SU,Saline Aquifer with hydrocarbon fields,Neogene,Slovakia
0.5,0.69,1.1,Pore vol and storage eff coefficient,0.93744,2.604,5.999616000000001,Method 1,2.604,0.0,0.0,351,SK_F_20121024170412812,SK_S_20121024170629593,Jakubov - South SU,Saline Aquifer with hydrocarbon fields,Neogene,Slovakia
1.5,2.0,2.5,Pore vol and storage eff coefficient,0.7441875,2.9635200000000013,8.44074,Method 1,2.9635200000000013,0.0,0.0,352,SK_F_20121024171447921,SK_S_20121024171748468,Kuty SU,Saline Aquifer with hydrocarbon fields,Neogene,Slovakia
5.0,5.7,6.8,Pore vol and storage eff coefficient,3.24135,8.467200000000002,26.195400000000006,Method 1,8.467200000000002,0.0,0.0,353,SK_F_20121024172510140,SK_S_20121024172819796,Lab SU,Saline Aquifer with hydrocarbon fields,Neogene,Slovakia
1.5,2.05,2.5,Pore vol and storage eff coefficient,0.33075,1.1907,2.71656,Method 1,1.1907,0.0,0.0,354,SK_F_20121025070810718,SK_S_20121025071145109,Studienka SU,Saline Aquifer with hydrocarbon fields,Neogene,Slovakia
11.0,13.2,15.5,Pore vol and storage eff coefficient,2.270268,14.702688,37.216179,Method 1,14.702688,0.0,0.0,355,SK_F_20121025072434968,SK_S_20121025072834843,Vysoka SU,Saline Aquifer with hydrocarbon fields,Neogene,Slovakia
0.9,1.3,1.9,Pore vol and storage eff coefficient,0.547722,1.917027,4.590432,Method 1,1.917027,0.0,0.0,356,SK_F_20121025073834140,SK_S_20121025074127593,Zavod SU,Saline Aquifer with hydrocarbon fields,Neogene,Slovakia
15.5,18.8,20.2,Pore vol and storage eff coefficient,0.6696,3.888640000000001,10.17792,Method 1,3.888640000000001,0.0,0.0,357,SK_F_20121025074735609,SK_S_20121025075048734,Zavod - Mesozoic SU,Saline Aquifer with hydrocarbon fields,Triassic,Slovakia
0.03,0.043,0.0055,Pore vol and storage eff coefficient,0.186,0.642816,1.312416,Method 1,0.642816,0.0,0.0,358,SK_F_20121025104938750,SK_S_20121025105750968,Zavod - South- Badenian SU,Saline Aquifer with hydrocarbon fields,Neogene,Slovakia
0.0,13293.9144,0.0,,2467.1127599999995,13293.9144,41715.9648,Method 2,13293.9144,0.0,0.0,439,GB_F_20120814115147401,GB_S_20120815085813837,Bunter Sandstone Formation,Saline Aquifer with hydrocarbon fields,Triassic,United Kingdom
0.0,0.0,0.0,,0.0,0.0,0.0,,0.0,20.0,0.0,440,GB_F_20120814121450744,GB_S_20120926084915477,Leman Sandstone,Saline Aquifer with hydrocarbon fields,Permian,United Kingdom
0.0,370.43862239999993,0.0,,189.8805888,370.43862239999993,584.24940672,Method 1,370.43862239999993,0.0,0.0,441,GB_F_20120928153551690,GB_S_20120928162414779,Frigg Sandstone Member,Saline Aquifer without hydrocarbon fields,Paleogene,United Kingdom
0.0,12220.080929999998,0.0,,955.3029192,12220.080929999998,35322.145487999995,Method 1,12220.080929999998,0.0,0.0,442,GB_F_20121001122058809,GB_S_20121001122448183,Heimdal Sandstone Unit,Saline Aquifer without hydrocarbon fields,Paleogene,United Kingdom
0.0,339.066,0.0,,2.379104,339.066,1953.860832,Method 1,339.066,0.0,0.0,443,GB_F_20121001122606753,GB_S_20121001122929174,Tay Sandstone Member,Saline Aquifer without hydrocarbon fields,Paleogene,United Kingdom
0.0,26132.05056,0.0,,1813.5348,26132.05056,94495.896,Method 1,26453.719519999995,321.6689600000001,0.0,444,GB_F_20121001090526111,GB_S_20121001152034981,Forties Sandstone Member,Saline Aquifer with hydrocarbon fields,Paleogene,United Kingdom
0.0,372.1788,0.0,,129.954,372.1788,739.1232,Method 1,372.1788,0.0,0.0,445,GB_F_20121003101300412,GB_S_20121003101637042,Cromarty Sandstone member,Saline Aquifer without hydrocarbon fields,Paleogene,United Kingdom
0.0,14613.75,0.0,,7014.6,14613.75,24691.392,Method 1,14613.75,0.0,0.0,446,GB_F_20121003101820319,GB_S_20121003102858061,Mousa Formation,Saline Aquifer without hydrocarbon fields,Paleogene,United Kingdom
0.0,427.28309999999993,0.0,,89.68275,427.28309999999993,1098.4896,Method 1,431.218705,3.935604999999999,0.0,447,GB_F_20121003104156296,GB_S_20121003104412191,Flugga Sandstone Unit,Saline Aquifer with hydrocarbon fields,Paleogene,United Kingdom
0.0,25.267200000000006,0.0,,5.865,25.267200000000006,42.71616,Method 1,25.267200000000006,0.0,0.0,448,GB_F_20121003115143988,GB_S_20121003115612770,Hermod Sandstone Unit,Saline Aquifer without hydrocarbon fields,Paleogene,United Kingdom
0.0,66.146625,0.0,,15.86685,66.146625,105.597744,Method 1,66.146625,0.0,0.0,449,GB_F_20121003120535411,GB_S_20121003120726690,Skadan Sandstone Unit,Saline Aquifer without hydrocarbon fields,Paleogene,United Kingdom
0.0,221.2938,0.0,,63.84,221.2938,532.5824,Method 1,221.2938,0.0,0.0,450,GB_F_20121003120916199,GB_S_20121003121048506,Teal Sandstone Member,Saline Aquifer without hydrocarbon fields,Paleogene,United Kingdom
0.0,0.0,0.0,,0.0,0.0,0.0,,0.0,0.0,0.0,451,GB_F_20121003121355226,GB_S_20121003121644542,Skroo Sandstone Unit 1,Saline Aquifer without hydrocarbon fields,Paleogene,United Kingdom
0.0,0.0,0.0,,0.0,0.0,0.0,,0.0,0.0,0.0,452,GB_F_20121003121355226,GB_S_20121003121901153,Skroo Sandstone Unit 2,Saline Aquifer without hydrocarbon fields,Paleogene,United Kingdom
0.0,6.166125000000001,0.0,,0.4368,6.166125000000001,22.471680000000006,Method 1,6.166125000000001,0.0,0.0,453,GB_F_20121003121355226,GB_S_20121004111548733,Skroo Sandstone Unit 3,Saline Aquifer without hydrocarbon fields,Paleogene,United Kingdom
0.0,1775.0204,0.0,,316.68,1775.0204,5201.469,Method 1,2957.020400000001,1182.0,0.0,454,GB_F_20121004112512957,GB_S_20121004114247095,Ormskirk Sandstone Unit 1,Saline Aquifer with hydrocarbon fields,Triassic,United Kingdom
0.0,339.416,0.0,,160.41060000000004,339.416,755.9081999999999,Method 1,339.416,0.0,0.0,455,GB_F_20121004112512957,GB_S_20121004115626025,Ormskirk Sandstone Unit 3,Saline Aquifer without hydrocarbon fields,Triassic,United Kingdom
0.0,0.0,0.0,,0.0,0.0,0.0,,0.0,0.0,0.0,456,GB_F_20121004112512957,GB_S_20121004115641061,Ormskirk Sandstone Unit 2,Saline Aquifer without hydrocarbon fields,Triassic,United Kingdom
0.0,4753.131074999998,0.0,,575.9939807999998,4753.131074999998,23814.379008,Method 1,4828.123075000001,74.992,0.0,457,GB_F_20121005120031531,GB_S_20121005122423675,Maureen Sandstone Unit,Saline Aquifer with hydrocarbon fields,Paleogene,United Kingdom
0.0,30.49091100000001,0.0,,11.7788682,30.49091100000001,198.4496591,Method 1,91.2239434,60.7330324,0.0,458,GB_F_20121005161801711,GB_S_20121005162542286,Balder Sandstone Unit,Saline Aquifer with hydrocarbon fields,Paleogene,United Kingdom
0.0,2141.463324,0.0,,176.44737600000005,2141.463324,6380.70048,Method 1,2141.463324,0.0,0.0,459,GB_F_20121023091511294,GB_S_20121023092938501,Collyhurst Sandstone Unit 1,Saline Aquifer without hydrocarbon fields,Permian,United Kingdom
0.0,1220.5242560000004,0.0,,287.091,1220.5242560000004,1837.31625,Method 1,1220.5242560000004,0.0,0.0,460,GB_F_20121023091511294,GB_S_20121023094158122,Collyhurst Sandstone Unit 2,Saline Aquifer without hydrocarbon fields,Permian,United Kingdom
0.0,0.7618691304,0.0,,0.2350425,0.7618691304,4.686066,Method 1,0.7618691304,0.0,0.0,461,GB_F_20121023091511294,GB_S_20121023094524465,Collyhurst Sandstone Unit 3,Saline Aquifer without hydrocarbon fields,Permian,United Kingdom
0.0,1265.9458,0.0,,123.84,1265.9458,3987.648,Method 1,1265.9458,0.0,0.0,462,GB_F_20121023094810109,GB_S_20121023095516584,Otter Sandstone Formation,Saline Aquifer with hydrocarbon fields,Triassic,United Kingdom
0.0,11099.424036375003,0.0,,1250.6959920000004,11099.424036375003,39210.00953759999,Method 1,11099.424036375003,0.0,0.0,463,GB_F_20121023100727977,GB_S_20121023100957497,St Bees Sandstone  Unit,Saline Aquifer without hydrocarbon fields,Triassic,United Kingdom
0.0,5466.7872,0.0,,1822.24,5466.7872,10690.7136,Method 1,5492.7872,26.0,0.0,464,GB_F_20121023113956942,GB_S_20121023115055385,Plattendolomit Unit,Saline Aquifer with hydrocarbon fields,Permian,United Kingdom
0.0,393.788448,0.0,,65.772,393.788448,1205.82,Method 1,393.788448,0.0,0.0,465,GB_F_20121023140417423,GB_S_20121023150005597,Bridport Sands Unit,Saline Aquifer without hydrocarbon fields,Jurassic,United Kingdom
0.0,101.7534,0.0,,1.83162,101.7534,671.5548,Method 1,110.8974,9.144,0.0,498,GB_F_20130205162140527,GB_S_20130306133021371,Argyll Carbonate Member,Saline Aquifer with hydrocarbon fields,Permian,United Kingdom
0.0,27.36,0.0,,3.708,27.36,65.625,Method 1,27.36,0.0,0.0,499,GB_F_20130206165523342,GB_S_20130306150123990,Bruce Sandstone Unit 2,Saline Aquifer without hydrocarbon fields,Jurassic,United Kingdom
0.0,17.52,0.0,,2.376,17.52,42.0,Method 1,17.52,0.0,0.0,500,GB_F_20130206165523342,GB_S_20130306150147562,Bruce Sandstone Unit 3,Saline Aquifer without hydrocarbon fields,Jurassic,United Kingdom
0.0,0.0,0.0,,0.0,0.0,0.0,,0.0,0.0,0.0,501,GB_F_20130206162219571,GB_S_20130307123934351,Coracle Sandstone Member,Saline Aquifer without hydrocarbon fields,Cretaceous,United Kingdom
0.0,0.0,0.0,,0.0,0.0,0.0,,0.0,0.0,0.0,502,GB_F_20130206162219571,GB_S_20130307124054082,Punt Sandstone Member,Saline Aquifer without hydrocarbon fields,Cretaceous,United Kingdom
0.0,102.5325,0.0,,20.496,102.5325,250.53,Method 1,102.5325,0.0,0.0,503,GB_F_20130205162004558,GB_S_20130318140557688,Nansen Unit 1,Saline Aquifer without hydrocarbon fields,Jurassic,United Kingdom
0.0,592.2315,0.0,,118.44,592.2315,1447.74,Method 1,592.2315,0.0,0.0,504,GB_F_20130205162004558,GB_S_20130318140633925,Nansen Unit 2,Saline Aquifer without hydrocarbon fields,Jurassic,United Kingdom
0.0,435.4623,0.0,,77.301,435.4623,661.5,Method 1,463.4623,28.0,0.0,505,GB_F_20130318140801792,GB_S_20130318140858383,Zechsteinkalk Unit,Saline Aquifer with hydrocarbon fields,Permian,United Kingdom
0.0,0.0,0.0,,0.0,0.0,0.0,,0.0,0.0,0.0,506,GB_F_20130205161428462,GB_S_20130318141010072,Mains Formation Unit,Saline Aquifer without hydrocarbon fields,Jurassic,United Kingdom
0.0,0.0,0.0,,0.0,0.0,0.0,,0.0,0.0,0.0,507,GB_F_20130206165757308,GB_S_20130318141102321,Ling Sandstone Unit,Saline Aquifer without hydrocarbon fields,Jurassic,United Kingdom
0.0,0.0,0.0,,0.0,0.0,0.0,,0.0,0.0,0.0,508,GB_F_20130205162935590,GB_S_20130318141137565,Innes Carbonate Unit 1,Saline Aquifer with hydrocarbon fields,Triassic,United Kingdom
0.0,0.0,0.0,,0.0,0.0,0.0,,0.0,0.0,0.0,509,GB_F_20130205162935590,GB_S_20130318141455708,Innes Carbonate Unit 2,Saline Aquifer with hydrocarbon fields,Permian,United Kingdom
0.0,0.0,0.0,,0.0,0.0,0.0,,0.0,0.0,0.0,510,GB_F_20130205162935590,GB_S_20130318141505124,Innes Carbonate Unit 3,Saline Aquifer without hydrocarbon fields,Permian,United Kingdom
0.0,0.0,0.0,,0.0,0.0,0.0,,0.0,0.0,0.0,511,GB_F_20130205162935590,GB_S_20130318141515008,Innes Carbonate Unit 4,Saline Aquifer without hydrocarbon fields,Permian,United Kingdom
0.0,0.0,0.0,,0.0,0.0,0.0,,0.0,0.0,0.0,512,GB_F_20130205121107108,GB_S_20130318141741995,Hugin Unit 1,Saline Aquifer with hydrocarbon fields,Jurassic,United Kingdom
0.0,0.0,0.0,,0.0,0.0,0.0,,0.0,0.0,0.0,513,GB_F_20130205121107108,GB_S_20130318141830574,Hugin Unit 2,Saline Aquifer without hydrocarbon fields,Jurassic,United Kingdom
0.0,0.0,0.0,,0.0,0.0,0.0,,0.0,0.0,0.0,514,GB_F_20130205121107108,GB_S_20130318141845596,Hugin Unit 3,Saline Aquifer without hydrocarbon fields,Jurassic,United Kingdom
0.0,0.0,0.0,,0.0,0.0,0.0,,0.0,0.0,0.0,515,GB_F_20130205120903981,GB_S_20130318142037511,Hopeman Sandstone Unit,Saline Aquifer with hydrocarbon fields,Triassic,United Kingdom
0.0,13693.05,0.0,,4284.0,13693.05,28350.0672,Method 1,13693.05,0.0,0.0,516,GB_F_20130205154316724,GB_S_20130318142118751,Fulmar Sandstone Unit,Saline Aquifer with hydrocarbon fields,Cretaceous,United Kingdom
0.0,8.6688,0.0,,1.092,8.6688,19.74,Method 1,8.6688,0.0,0.0,517,GB_F_20130205161230788,GB_S_20130318144030978,Brae Formation Unit 2,Saline Aquifer with hydrocarbon fields,Jurassic,United Kingdom
0.0,18.018,0.0,,40.425,18.018,35.217,Method 1,18.018,0.0,0.0,518,GB_F_20130205161230788,GB_S_20130318144058320,Brae Formation Unit 3,Saline Aquifer with hydrocarbon fields,Jurassic,United Kingdom
0.0,0.0,0.0,,0.0,0.0,0.0,,0.0,0.0,0.0,519,GB_F_20130205163224840,GB_S_20130318145651381,Firth Coal Unit 2,Saline Aquifer without hydrocarbon fields,Carboniferous,United Kingdom
0.0,12.495,0.0,,2.8854,12.495,94.08,Method 1,12.495,0.0,0.0,520,GB_F_20130205163224840,GB_S_20130318145719965,Firth Coal Unit 3,Saline Aquifer without hydrocarbon fields,Carboniferous,United Kingdom
0.0,0.0,0.0,,0.0,0.0,0.0,,0.0,0.0,0.0,521,GB_F_20121023154100792,GB_S_20130318150154728,Schooner Unit 2,Saline Aquifer without hydrocarbon fields,Carboniferous,United Kingdom
0.0,0.0,0.0,,0.0,0.0,0.0,,0.0,0.0,0.0,522,GB_F_20121023154100792,GB_S_20130318150252101,Schooner Unit 3,Saline Aquifer without hydrocarbon fields,Carboniferous,United Kingdom
0.0,0.0,0.0,,0.0,0.0,0.0,,0.0,0.0,0.0,523,GB_F_20121023154100792,GB_S_20130318150314238,Schooner Unit 4,Saline Aquifer without hydrocarbon fields,Carboniferous,United Kingdom
0.0,604.044,0.0,,119.91,604.044,1465.8,Method 1,604.044,0.0,0.0,524,GB_F_20130205120837511,GB_S_20130318150705901,Skagerrak Unit 2,Saline Aquifer without hydrocarbon fields,Triassic,United Kingdom
0.0,79.01599999999998,0.0,,15.645,79.01599999999998,192.15,Method 1,79.01599999999998,0.0,0.0,525,GB_F_20130205120837511,GB_S_20130318150728820,Skagerrak Unit 3,Saline Aquifer without hydrocarbon fields,Triassic,United Kingdom
0.0,233.24,0.0,,46.305,233.24,565.9500000000002,Method 1,233.24,0.0,0.0,526,GB_F_20130205120837511,GB_S_20130318150747663,Skagerrak Unit 4,Saline Aquifer without hydrocarbon fields,Triassic,United Kingdom
0.0,277.508,0.0,,55.125,277.508,673.0500000000002,Method 1,277.508,0.0,0.0,527,GB_F_20130205120837511,GB_S_20130318150806241,Skagerrak Unit 5,Saline Aquifer without hydrocarbon fields,Triassic,United Kingdom
0.0,206.10800000000003,0.0,,40.95,206.10800000000003,499.8,Method 1,206.10800000000003,0.0,0.0,528,GB_F_20130205120837511,GB_S_20130318150820026,Skagerrak Unit 6,Saline Aquifer without hydrocarbon fields,Triassic,United Kingdom
0.0,0.0,0.0,,0.0,0.0,0.0,,0.0,0.0,0.0,529,GB_F_20120814133957323,GB_S_20130318151053787,Spilsby Sandstone Unit 4,Saline Aquifer without hydrocarbon fields,Cretaceous,United Kingdom
0.0,27.65,0.0,,2.4885,27.65,68.43375,Method 1,27.65,0.0,0.0,530,GB_F_20130206160745212,GB_S_20130318151145884,Stroma Member 2,Saline Aquifer without hydrocarbon fields,Jurassic,United Kingdom
0.0,0.0,0.0,,0.0,0.0,0.0,,0.0,0.0,0.0,435,GB_F_20120814133957323,GB_S_20120814142648675,Spilsby Sandstone Unit 1,Saline Aquifer without hydrocarbon fields,Cretaceous,United Kingdom
0.0,0.0,0.0,,0.0,0.0,0.0,,0.0,0.0,0.0,436,GB_F_20120814133957323,GB_S_20120814144042029,Spilsby Sandstone Unit 2,Saline Aquifer without hydrocarbon fields,Cretaceous,United Kingdom
0.0,0.0,0.0,,0.0,0.0,0.0,,0.0,0.0,0.0,437,GB_F_20120814133957323,GB_S_20120814144622120,Spilsby Sandstone Unit 3,Saline Aquifer without hydrocarbon fields,Cretaceous,United Kingdom
0.0,431.22736800000007,0.0,,72.69696,431.22736800000007,1406.7144,Method 1,431.22736800000007,0.0,0.0,438,GB_F_20120814145039305,GB_S_20120814145836706,Hewett Sandstone,Saline Aquifer with hydrocarbon fields,Triassic,United Kingdom
0.0,193.109,0.0,,10.5,193.109,1680.0,Method 1,246.109,53.0,0.0,466,GB_F_20121023150347573,GB_S_20121023152000700,Westcoe Coal Unit,Saline Aquifer with hydrocarbon fields,Carboniferous,United Kingdom
0.0,0.0,0.0,,0.0,0.0,0.0,,0.0,8.0,0.0,467,GB_F_20121023162139261,GB_S_20121024084838641,Millstone Grit Unit,Saline Aquifer with hydrocarbon fields,Carboniferous,United Kingdom
0.0,0.0,0.0,,0.0,0.0,0.0,,0.0,78.0,0.0,468,GB_F_20121023154100792,GB_S_20121024090749419,Schooner Unit 1,Saline Aquifer with hydrocarbon fields,Carboniferous,United Kingdom
0.0,21852.402208000003,0.0,,3602.172,21852.402208000003,57368.71,Method 1,21854.589853000005,2.187645,0.0,469,GB_F_20121024102241899,GB_S_20121024115823165,Mey Sandstone Unit,Saline Aquifer with hydrocarbon fields,Paleogene,United Kingdom
0.0,8036.7876,0.0,,2381.28,8036.7876,20373.024,Method 1,8036.7876,0.0,0.0,470,GB_F_20121024133344270,GB_S_20121024133824595,Dornoch Formation,Saline Aquifer without hydrocarbon fields,Paleogene,United Kingdom
0.0,1389.15,0.0,,185.22,1389.15,10866.24,Method 1,1389.15,0.0,0.0,471,GB_F_20121024140052366,GB_S_20121024140258536,Grid Sandstone Member,Saline Aquifer without hydrocarbon fields,Paleogene,United Kingdom
0.0,16360.99166208,0.0,,4405.300518,16360.99166208,35890.7044188,Method 1,16360.99166208,0.0,0.0,472,GB_F_20121024143756736,GB_S_20121024145755247,Cormorant Formation,Saline Aquifer without hydrocarbon fields,Triassic,United Kingdom
0.0,0.0,0.0,Pore vol and storage eff coefficient,0.0,0.0,0.0,,0.0,0.0,0.0,473,GB_F_20130205121126905,GB_S_20130215131207922,Magnus Sandstone,Saline Aquifer with hydrocarbon fields,Jurassic,United Kingdom
0.0,209.125,0.0,,67.1875,209.125,394.5,Method 1,209.125,0.0,0.0,474,GB_F_20130206161745055,GB_S_20130215140637178,Alness Spiculite Member,Saline Aquifer without hydrocarbon fields,Jurassic,United Kingdom
0.0,8845.389000000001,0.0,,718.0374600000001,8845.389000000001,23695.236180000004,Method 1,8856.097658400002,10.7086584,0.0,475,GB_F_20130205163046668,GB_S_20130215150020548,Auk Formation Unit,Saline Aquifer with hydrocarbon fields,Permian,United Kingdom
0.0,736.1038079999998,0.0,,261.74016,736.1038079999998,1446.6798719999997,Method 1,751.1248799999998,15.021072,0.0,476,GB_F_20130206161249399,GB_S_20130215152201009,Beatrice Formation Unit,Saline Aquifer with hydrocarbon fields,Jurassic,United Kingdom
0.0,15.53664,0.0,,5.8695,15.53664,24.067512,Method 1,23.31264,7.776,0.0,477,GB_F_20130206165945112,GB_S_20130215160949106,Birch Sandstone Member,Saline Aquifer with hydrocarbon fields,Cretaceous,United Kingdom
0.0,132.048,0.0,,33.04,132.048,516.096,Method 1,487.3666,355.31859999999995,0.0,478,GB_F_20130205161230788,GB_S_20130218124639283,Brae Formation Unit 1,Saline Aquifer with hydrocarbon fields,Jurassic,United Kingdom
0.0,2183.7816,0.0,,945.0,2183.7816,4722.451999999998,Method 1,2754.10791,570.32631,0.0,479,GB_F_20130205164257309,GB_S_20130218131323020,Brent Group,Saline Aquifer with hydrocarbon fields,Jurassic,United Kingdom
0.0,193.2525,0.0,,30.912,193.2525,441.0,Method 1,193.2525,0.0,0.0,480,GB_F_20130206162407493,GB_S_20130218135638165,Britannia Sandstone Formation,Saline Aquifer with hydrocarbon fields,Cretaceous,United Kingdom
0.0,76.86,0.0,,9.225,76.86,450.96,Method 1,76.86,0.0,0.0,481,GB_F_20130206170839826,GB_S_20130218140859279,Brora Coal Formation,Saline Aquifer without hydrocarbon fields,Jurassic,United Kingdom
0.0,4.560000000000001,0.0,,0.612,4.560000000000001,11.025,Method 1,4.560000000000001,0.0,0.0,482,GB_F_20130206165523342,GB_S_20130218141501532,Bruce Sandstone Unit 1,Saline Aquifer with hydrocarbon fields,Jurassic,United Kingdom
0.0,105.0,0.0,,8.575000000000001,105.0,15435.0,Method 1,105.0,0.0,0.0,483,GB_F_20130205163317778,GB_S_20130218144254917,Buchan Formation Unit,Saline Aquifer with hydrocarbon fields,Carboniferous,United Kingdom
0.0,1109.52,0.0,,174.741,1109.52,549.1800000000001,Method 1,1109.52,0.0,0.0,484,GB_F_20130205153836645,GB_S_20130218150133441,Burns Sandstone Member,Saline Aquifer without hydrocarbon fields,Cretaceous,United Kingdom
0.0,507.6,0.0,,76.185,507.6,1181.2416,Method 1,507.6,0.0,0.0,485,GB_F_20130205154104458,GB_S_20130218152108386,Claymore Sandstone Member,Saline Aquifer with hydrocarbon fields,Jurassic,United Kingdom
0.0,22.0248,0.0,,11.45988,22.0248,38.09520000000001,Method 1,22.0248,0.0,0.0,486,GB_F_20130206161952884,GB_S_20130221121802899,Emerald Formation,Saline Aquifer with hydrocarbon fields,Jurassic,United Kingdom
0.0,4741.74,0.0,,569.016,4741.74,13908.96,Method 1,4741.74,0.0,0.0,487,GB_F_20130206161020134,GB_S_20130221132321953,Findhorn Formation,Saline Aquifer without hydrocarbon fields,Permian,United Kingdom
0.0,0.0,0.0,,0.0,0.0,0.0,,0.0,0.0,0.0,488,GB_F_20130205163224840,GB_S_20130221135453130,Firth Coal Unit 1,Saline Aquifer without hydrocarbon fields,Carboniferous,United Kingdom
0.0,228.305,0.0,,12.3291,228.305,4018.0,Method 1,228.305,0.0,0.0,489,GB_F_20130206160430414,GB_S_20130222103611035,Orcadia Formation Unit,Saline Aquifer without hydrocarbon fields,Devonian,United Kingdom
0.0,88.4646,0.0,,28.098,88.4646,200.361,Method 1,88.4646,0.0,0.0,490,GB_F_20130205161649119,GB_S_20130222113822660,Orrin Formation,Saline Aquifer without hydrocarbon fields,Jurassic,United Kingdom
0.0,2138.83824,0.0,,624.9599999999998,2138.83824,5156.298,Method 1,2138.83824,0.0,0.0,491,GB_F_20130206162018743,GB_S_20130222114335894,Piper Formation,Saline Aquifer with hydrocarbon fields,Jurassic,United Kingdom
0.0,5265.988,0.0,,1045.485,5265.988,12778.5,Method 1,5265.988,0.0,0.0,492,GB_F_20130205120837511,GB_S_20130222145546097,Skagerrak Unit 1,Saline Aquifer with hydrocarbon fields,Triassic,United Kingdom
0.0,55.8432,0.0,,2.51286,55.8432,1535.73,Method 1,55.8432,0.0,0.0,493,GB_F_20130206160605024,GB_S_20130226163353565,Strath Rory Formation,Saline Aquifer without hydrocarbon fields,Devonian,United Kingdom
0.0,60.83,0.0,,5.474,60.83,150.57,Method 1,60.83,0.0,0.0,494,GB_F_20130206160745212,GB_S_20130226164253049,Stroma Member 1,Saline Aquifer without hydrocarbon fields,Jurassic,United Kingdom
0.0,390.44544,0.0,,168.0,390.44544,913.62992,Method 1,390.44544,0.0,0.0,495,GB_F_20130205161824479,GB_S_20130305145845637,Statfjord Unit 1,Saline Aquifer with hydrocarbon fields,Jurassic,United Kingdom
0.0,254.43264,0.0,,104.0928,254.43264,737.8156799999998,Method 1,254.43264,0.0,0.0,496,GB_F_20130205161824479,GB_S_20130305151637973,Statfjord  Unit 2,Saline Aquifer with hydrocarbon fields,Jurassic,United Kingdom
0.0,805.7296799999998,0.0,,291.08352,805.7296799999998,1710.2204000000004,Method 1,805.7296799999998,0.0,0.0,497,GB_F_20130206162219571,GB_S_20130305154715769,Captain Sandstone Member,Saline Aquifer with hydrocarbon fields,Cretaceous,United Kingdom
